,top 3,top 3 __aporte,^KS11 top 3,^KS11 top 3 __aporte,SPY top 3,SPY top 3 __aporte,top 5,top 5 __aporte,^KS11 top 5,^KS11 top 5 __aporte,SPY top 5,SPY top 5 __aporte,top 10,top 10 __aporte,^KS11 top 10,^KS11 top 10 __aporte,SPY top 10,SPY top 10 __aporte
2024-01-15,300.0,300.0,300.0,300.0,300.0,300.0,500.0,500.0,500.0,500.0,499.9999999999999,500.0,1000.0,1000.0,1000.0,1000.0,999.9999999999998,1000.0
2024-01-16,294.39190790422225,0.0,295.0851793811651,0.0,298.89866721380787,0.0,492.67520770945663,0.0,491.8086323019419,0.0,498.16444535634645,0.0,985.974322914696,0.0,983.6172646038838,0.0,996.3288907126929,0.0
2024-01-17,292.0993790586208,0.0,285.6534766195554,0.0,299.0655731389598,0.0,490.1109621424183,0.0,476.089127699259,0.0,498.4426218982662,0.0,972.1257306673649,0.0,952.178255398518,0.0,996.8852437965324,0.0
2024-01-18,297.21058098253775,0.0,284.62351246100906,0.0,301.5315023531262,0.0,494.43138727036285,0.0,474.37252076834847,0.0,502.5525039218771,0.0,972.8541743767825,0.0,948.7450415366969,0.0,1005.1050078437542,0.0
2024-01-19,300.7878614789841,0.0,289.9923877709512,0.0,305.47653519505377,0.0,498.56289295407515,0.0,483.32064628491867,0.0,509.1275586584229,0.0,986.1769788574518,0.0,966.6412925698373,0.0,1018.2551173168458,0.0
2024-01-22,397.1898461193838,100.0,389.622957350897,100.0,405.7527171282162,100.0,594.2838371370547,100.0,582.7049289181617,100.0,609.5878618803603,100.0,982.3106434628573,0.0,965.4098578363235,0.0,1019.1757237607205,0.0
2024-01-23,397.38226753429984,0.0,390.69235144844754,0.0,407.38818889589146,0.0,596.5163616979601,0.0,584.3042731042319,0.0,612.0449341215003,0.0,981.6071262756535,0.0,968.0596082789222,0.0,1023.2837261280441,0.0
2024-01-24,394.9154714346108,0.0,390.65875330263555,0.0,408.67217801803616,0.0,593.6410688006558,0.0,584.2540250251653,0.0,613.9739518473348,0.0,978.4013385382965,0.0,967.9763586126488,0.0,1026.508869146493,0.0
2024-01-25,400.6010519402686,0.0,391.9245868446985,0.0,409.99374678446515,0.0,606.873117813431,0.0,586.1471563980319,0.0,615.9594278396021,0.0,987.9321322967564,0.0,971.1128477666668,0.0,1029.8284052756846,0.0
2024-01-26,402.2571388112286,0.0,392.67375878830404,0.0,410.78287524221815,0.0,610.7460992007082,0.0,587.2675887953276,0.0,617.1449852222248,0.0,995.6231718843021,0.0,972.9691500351181,0.0,1031.8105499000335,0.0
2024-01-29,507.74751743688137,100.0,496.0859182866249,100.0,514.1706699373509,100.0,623.7012581507314,0.0,592.3706817225133,0.0,622.2346825613139,0.0,1009.6374813045004,0.0,981.4238171794417,0.0,1040.3200631198147,0.0
2024-01-30,507.62771860291593,0.0,497.4559616019287,0.0,514.2020955386434,0.0,623.4757448180872,0.0,594.0066352191957,0.0,622.2727129278592,0.0,1005.3411848143759,0.0,984.1342209434723,0.0,1040.3836464500816,0.0
2024-01-31,522.86716802382,0.0,499.1716076034779,0.0,505.3951603786958,0.0,641.0344540536688,0.0,596.0552690426315,0.0,611.6148111376699,0.0,1017.8360464710737,0.0,987.5283423762767,0.0,1022.5645994348071,0.0
2024-02-01,541.6123139817162,0.0,507.3105295395582,0.0,513.8807856131042,0.0,662.9462976825567,0.0,605.7738652737315,0.0,621.8838728185117,0.0,1046.1152418520878,0.0,1003.6298512879212,0.0,1039.7335409859588,0.0
2024-02-02,550.7901283984091,0.0,520.3876761375849,0.0,515.9131593666107,0.0,673.1195143627086,0.0,621.3891406921774,0.0,624.3433935794162,0.0,1064.1459246607315,0.0,1029.5008197209238,0.0,1043.845637056683,0.0
2024-02-05,551.6638317815975,0.0,516.7233346212935,0.0,518.5457964226385,0.0,772.578032326988,100.0,717.0135912116225,100.0,727.5293358717997,100.0,1258.0468752527036,200.0,1222.2515269960093,200.0,1249.172244170683,200.0
2024-02-06,543.7659686907608,0.0,517.2157110614024,0.0,521.9013082710915,0.0,763.1286186142486,0.0,717.6968206613033,0.0,732.2371810099854,0.0,1251.6255968705175,0.0,1223.4161886543047,0.0,1257.2556425802165,0.0
2024-02-07,557.283815167242,0.0,525.7712862773529,0.0,525.5023484449548,0.0,777.8285305581965,0.0,729.568674126109,0.0,737.2895069264473,0.0,1265.9181863832787,0.0,1243.653449430787,0.0,1265.9305165573405,0.0
2024-02-08,554.6025581117811,0.0,526.6970181351829,0.0,524.829559812805,0.0,773.0392587227285,0.0,730.8532345076684,0.0,736.3455720414153,0.0,1259.5916122540618,0.0,1245.8431650890723,0.0,1264.3097746840613,0.0
2024-02-13,563.8049241455365,0.0,532.4097294608274,0.0,520.5321671435065,0.0,780.464677817203,0.0,738.7802844175736,0.0,730.3162507042371,0.0,1466.4509380105192,200.0,1459.3559477973931,200.0,1453.9573936951024,200.0
2024-02-14,565.2297815706522,0.0,524.7973305472312,0.0,528.3689118488426,0.0,779.3770473644809,0.0,728.2171975254879,0.0,741.3113483604197,0.0,1462.1116350707136,0.0,1438.4900638421668,0.0,1475.8470935562118,0.0
2024-02-15,565.2455329256175,0.0,528.1653029839822,0.0,530.8637501562091,0.0,779.3798311594566,0.0,732.8906501260877,0.0,744.8116526139454,0.0,1463.6566369578609,0.0,1447.721808372019,0.0,1482.8157092000351,0.0
2024-02-16,577.4873764539612,0.0,532.4893754454538,0.0,526.1736119156725,0.0,793.5954385911084,0.0,738.8908024639559,0.0,738.2313019818029,0.0,1484.036882297904,0.0,1459.5742605647054,0.0,1469.715152495342,0.0
2024-02-19,590.703171376973,0.0,536.685790581079,0.0,525.6349952169584,0.0,809.0544454130081,0.0,744.7138154479055,0.0,737.4756127990763,0.0,1797.0675944099953,300.0,1771.0767990209497,300.0,1768.210681146798,300.0
2024-02-20,582.2397755511083,0.0,531.954110985725,0.0,523.2036020307659,0.0,801.8883011501234,0.0,738.1480609100074,0.0,734.0643232231173,0.0,1783.2689258238065,0.0,1755.4621356577572,0.0,1760.0315921572628,0.0
2024-02-21,583.671241318057,0.0,529.0406592878301,0.0,521.849127212704,0.0,803.6445221626619,0.0,734.1053085805422,0.0,732.1639700206848,0.0,1775.7226428211904,0.0,1745.8476707366283,0.0,1755.4752044311133,0.0
2024-02-22,593.9737558747231,0.0,531.2203079760567,0.0,532.2919680887087,0.0,815.5511989211766,0.0,737.1298240781258,0.0,746.8154687688152,0.0,1786.5257999865335,0.0,1753.040567007564,0.0,1790.6044156641785,0.0
2024-02-23,589.278493753438,0.0,533.9285246923513,0.0,532.3997283936278,0.0,812.8835883091092,0.0,740.8877890536244,0.0,746.9666584681861,0.0,1779.6749913326405,0.0,1761.9777512541539,0.0,1790.9669161139116,0.0
2024-02-26,572.369292952528,0.0,528.9489758041522,0.0,530.7254432525601,0.0,792.8170406960248,0.0,733.9780871073048,0.0,744.6176054720104,0.0,1745.284178783327,0.0,1745.545112901774,0.0,1785.334701941225,0.0
2024-02-27,554.3656454992592,0.0,522.3785974683723,0.0,530.1982921993429,0.0,774.4524529904006,0.0,724.8609246907685,0.0,743.8780028018178,0.0,1720.4032848407708,0.0,1723.8626967925447,0.0,1783.561391314348,0.0
2024-02-28,566.7570745986249,0.0,528.0692962527532,0.0,529.7963210870533,0.0,790.1944530009968,0.0,732.7574296451713,0.0,743.3140299022567,0.0,1744.8257179851414,0.0,1742.6421479427636,0.0,1782.2091799495595,0.0
2024-02-29,576.5626683604924,0.0,525.7555697076788,0.0,531.9949770130128,0.0,800.7219596261073,0.0,729.5468655618183,0.0,746.398784800781,0.0,1749.5325544071936,0.0,1735.0067913240916,0.0,1789.6053520610521,0.0
2024-03-04,678.6710695460297,100.0,632.9056148336805,100.0,636.2218073202949,100.0,903.7891494574509,100.0,839.4683829186395,100.0,852.3291058399539,100.0,1852.852446698449,100.0,1858.6021226275418,100.0,1903.8242046198445,100.0
2024-03-05,677.8733369304467,0.0,627.2228085866512,0.0,629.1393481531774,0.0,900.0448694149767,0.0,831.9308669623508,0.0,842.8409273154188,0.0,1840.6299229474753,0.0,1841.9138905978966,0.0,1882.6307198391476,0.0
2024-03-06,679.4321313521742,0.0,623.1970437908129,0.0,632.2792682948586,0.0,899.9835275725065,0.0,826.5912046430943,0.0,847.047393198819,0.0,1850.548529624487,0.0,1830.091756587108,0.0,1892.0265875970986,0.0
2024-03-07,674.1821753270225,0.0,625.1201608405031,0.0,636.0045727484544,0.0,895.9900963382747,0.0,829.141973544538,0.0,852.0380825737847,0.0,1841.4943431083138,0.0,1835.7392170406779,0.0,1903.174153912384,0.0
2024-03-08,683.1451914326941,0.0,632.7410230951542,0.0,629.2655582367136,0.0,903.0821213548105,0.0,839.2500730200636,0.0,843.0100075424884,0.0,1846.308470402068,0.0,1858.1187795390588,0.0,1883.008389716443,0.0
2024-03-11,677.3260780509272,0.0,630.7945486322718,0.0,629.1374703288723,0.0,1093.9773147928222,200.0,1036.6683234961986,200.0,1042.8384116451093,200.0,2140.265700403081,300.0,2152.4027272817184,300.0,2182.6251006552043,300.0
2024-03-12,673.4805762086503,0.0,639.3228027773295,0.0,636.580502993081,0.0,1086.3856515613093,0.0,1050.6839343572562,0.0,1055.1757476446783,0.0,2133.280458534588,0.0,2181.502911359997,0.0,2208.446722612336,0.0
2024-03-13,677.254287689888,0.0,642.0380151086114,0.0,635.7910257723178,0.0,1089.7653796213924,0.0,1055.1462028113979,0.0,1053.8671351239514,0.0,2139.0311891807405,0.0,2190.7677828457636,0.0,2205.7078413984536,0.0
2024-03-14,685.3937241395132,0.0,645.1833101178889,0.0,632.9393088806737,0.0,1099.6532677404823,0.0,1060.3152831581424,0.0,1049.1402192208357,0.0,2151.9317269060834,0.0,2201.5001862420095,0.0,2195.8145682090326,0.0
2024-03-15,667.4570480169689,0.0,633.0576181528546,0.0,632.7457721182876,0.0,1080.8194557611507,0.0,1040.387525716549,0.0,1048.8194187926301,0.0,2121.3410120850194,0.0,2160.1247930774553,0.0,2195.1431438933537,0.0
2024-03-18,667.4986865146063,0.0,634.0575146261934,0.0,636.5547282007345,0.0,1084.2507532966285,0.0,1042.0307881748774,0.0,1055.1330241624844,0.0,2116.578346365281,0.0,2163.5366486505263,0.0,2208.3573038264703,0.0
2024-03-19,658.854759299856,0.0,624.3808793395981,0.0,640.6006269242491,0.0,1069.9809462879084,0.0,1026.1278903115563,0.0,1061.8393781749091,0.0,2094.721629625813,0.0,2130.5179483035768,0.0,2222.3934732252433,0.0
2024-03-20,661.8014871729458,0.0,632.5447126913843,0.0,647.1584984248796,0.0,1073.0173010130864,0.0,1039.5446001617747,0.0,1072.7094989704729,0.0,2102.29826460591,0.0,2158.3746525340725,0.0,2245.1442639811416,0.0
2024-03-21,670.948984878752,0.0,646.7281367714985,0.0,644.9097418234621,0.0,1085.9069031866404,0.0,1062.8541016380454,0.0,1068.982031011566,0.0,2130.9635820123294,0.0,2206.7714573866583,0.0,2237.342801129228,0.0
2024-03-22,671.6949192486434,0.0,647.4706661496717,0.0,648.1224104030946,0.0,1088.3096761099614,0.0,1064.0743986226764,0.0,1074.3072490389943,0.0,2138.236350144705,0.0,2209.3051226856564,0.0,2248.48830018578,0.0
2024-03-25,670.7686640175873,0.0,643.8500518202279,0.0,649.6105056216695,0.0,1083.4100275476358,0.0,1058.1241630109876,0.0,1076.7738687005196,0.0,2138.5172354757215,0.0,2196.9508305091827,0.0,2253.6508507083695,0.0
2024-03-26,679.2804015162642,0.0,648.7632228655166,0.0,646.574748849245,0.0,1093.9707151259927,0.0,1066.1986284635082,0.0,1071.7418941003718,0.0,2155.8892138191372,0.0,2213.715596121711,0.0,2243.119100107798,0.0
2024-03-27,681.8242710839872,0.0,646.7505744264874,0.0,652.3617482666583,0.0,1099.6424417461085,0.0,1062.8909764116638,0.0,1081.3342416639207,0.0,2162.761438160901,0.0,2206.848019351083,0.0,2263.195555225502,0.0
2024-03-28,679.4327340974233,0.0,642.476675059147,0.0,653.3816139030997,0.0,1091.1777523538542,0.0,1055.8671108732901,0.0,1083.0247387501013,0.0,2149.7505613713497,0.0,2192.2645822013214,0.0,2266.733707763498,0.0
2024-03-29,675.671225056295,0.0,643.7920054294996,0.0,654.526232772698,0.0,1081.6774932986045,0.0,1058.0287676803023,0.0,1084.9220228576382,0.0,2146.1193094836062,0.0,2196.7527641023257,0.0,2270.704658459159,0.0
2024-04-01,772.0030462226382,100.0,746.3345622592424,100.0,753.4932077189751,100.0,1083.5256176047453,0.0,1062.2072884550905,0.0,1083.2097131367582,0.0,2260.251034447886,100.0,2305.4284989615962,100.0,2367.1208528233537,100.0
2024-04-02,762.1314083274176,0.0,745.9728789829139,0.0,752.573036747682,0.0,1067.7673795651451,0.0,1061.6925292148574,0.0,1081.886890152237,0.0,2242.938071535306,0.0,2304.3112588188897,0.0,2364.230108922815,0.0
2024-04-03,745.7114865014146,0.0,733.922328118504,0.0,751.2074434570605,0.0,1044.3678419142454,0.0,1044.5417986908317,0.0,1079.9237352074517,0.0,2192.243551412626,0.0,2267.0870904688422,0.0,2359.940057835969,0.0
2024-04-04,756.3861069480051,0.0,741.8674299291216,0.0,737.2598400111015,0.0,1058.253240552836,0.0,1055.8495224350047,0.0,1059.8728848840908,0.0,2207.904365478739,0.0,2291.6295209920945,0.0,2316.1232554738253,0.0
2024-04-05,746.9834564677201,0.0,730.8927056227781,0.0,745.0508084284298,0.0,1048.7453333683243,0.0,1040.2299427766607,0.0,1071.073055738901,0.0,2185.1115672486562,0.0,2257.7285823734933,0.0,2340.59880962006,0.0
2024-04-08,751.9359251918429,0.0,732.8542648876863,0.0,745.9197372083632,0.0,1056.5134908099924,0.0,1043.0216968415066,0.0,1072.3222137735136,0.0,2288.9317811600713,100.0,2363.787841666045,100.0,2443.328574684334,100.0
2024-04-09,749.02075147118,0.0,725.1368463668123,0.0,744.5018598177824,0.0,1051.4905838118332,0.0,1032.038019258472,0.0,1070.2838960477789,0.0,2278.214938299934,0.0,2338.8956619480405,0.0,2438.6841871302913,0.0
2024-04-11,764.8314825160527,0.0,728.7233921440676,0.0,751.0399310786775,0.0,1076.136875111128,0.0,1037.1425062508015,0.0,1079.6829221072458,0.0,2310.1371675123905,0.0,2350.463900966413,0.0,2460.100239740527,0.0
2024-04-12,753.464159534563,0.0,720.7996584110966,0.0,741.6996564480144,0.0,1061.9384334886088,0.0,1025.8651942401384,0.0,1066.2554935655505,0.0,2292.252356135085,0.0,2324.906260988066,0.0,2429.505312750247,0.0
2024-04-15,865.7217061411043,100.0,816.7751398212857,100.0,837.7184806476226,100.0,1178.234280804513,100.0,1120.1373702925516,100.0,1160.5322192844935,100.0,2309.967997308415,0.0,2311.9253607368923,0.0,2416.4646059439847,0.0
2024-04-16,867.8399402608592,0.0,795.3259768622462,0.0,838.0697032852917,0.0,1178.4090593949286,0.0,1090.721674563649,0.0,1161.018785113675,0.0,2288.6657048125358,0.0,2251.212367167534,0.0,2417.4777351661996,0.0
2024-04-17,857.7255025702163,0.0,788.0751327930681,0.0,833.4461397471172,0.0,1163.8694159623972,0.0,1080.7777609795164,0.0,1154.6135373151399,0.0,2264.725405919692,0.0,2230.6884683941826,0.0,2404.1407038108755,0.0
2024-04-18,866.9112861256078,0.0,804.3942909383868,0.0,827.9942237521001,0.0,1171.6280184956315,0.0,1103.1580930918349,0.0,1147.060732506347,0.0,2284.203118826734,0.0,2276.8807112069276,0.0,2388.414224879249,0.0
2024-04-19,858.964324032038,0.0,793.2698418857663,0.0,822.7113548285781,0.0,1165.1108794883535,0.0,1087.9018609904485,0.0,1139.7421168405397,0.0,2266.0494967462696,0.0,2245.3923680448106,0.0,2373.175375472867,0.0
2024-04-22,873.8097521112006,0.0,806.9091550618,0.0,829.1919646288841,0.0,1189.9255494672145,0.0,1106.6070145250455,0.0,1148.7200212888833,0.0,2301.8329676842804,0.0,2283.999167514252,0.0,2391.8692023003073,0.0
2024-04-23,880.1989378631562,0.0,802.3890037973663,0.0,839.3625701047393,0.0,1197.2400493938176,0.0,1100.4080129837214,0.0,1162.8098564984832,0.0,2309.9267720852486,0.0,2271.2046395797975,0.0,2421.207110823496,0.0
2024-04-24,880.2272536700915,0.0,819.6431063715754,0.0,835.0222790138235,0.0,1198.0490597025246,0.0,1124.0705415573275,0.0,1156.797039820275,0.0,2326.6332653806166,0.0,2320.0432921945157,0.0,2408.687201041174,0.0
2024-04-25,876.7221888236221,0.0,801.7455505031613,0.0,832.1973784379297,0.0,1194.6465718167822,0.0,1099.5255717269579,0.0,1152.8835674422207,0.0,2302.788682167718,0.0,2269.3833108972817,0.0,2400.53855395429,0.0
2024-04-26,894.6564178846902,0.0,811.0560690119561,0.0,837.7534145234448,0.0,1215.2004149282468,0.0,1112.2941529557934,0.0,1160.580614884415,0.0,2324.5376990334657,0.0,2295.737227431522,0.0,2416.565375446416,0.0
2024-04-29,899.7605920072384,0.0,819.0796128259724,0.0,842.5064802080033,0.0,1221.9090756317175,0.0,1123.297758269033,0.0,1167.1652683148145,0.0,2347.743215435284,0.0,2318.448293822043,0.0,2430.27596589153,0.0
2024-04-30,895.7184914469258,0.0,821.2723606521779,0.0,828.4764885620352,0.0,1217.630935993576,0.0,1126.3049247020094,0.0,1147.7288374402674,0.0,2338.2572605682144,0.0,2324.6549828628163,0.0,2389.805355516596,0.0
2024-05-02,883.5800630878307,0.0,818.0450220186517,0.0,833.0547021376361,0.0,1205.8366945711061,0.0,1121.8789053072562,0.0,1154.0712597265024,0.0,2324.2190940058,0.0,2315.519829659981,0.0,2403.0115713509886,0.0
2024-05-03,869.7416577816282,0.0,821.2178148516795,0.0,842.4764349239729,0.0,1186.8536204411362,0.0,1126.2301197935938,0.0,1167.1236451192422,0.0,2305.214872319423,0.0,2324.5005880810145,0.0,2430.1892979152203,0.0
2024-05-07,857.6354780650881,0.0,843.9588756346509,0.0,849.3903515809245,0.0,1175.426819662866,0.0,1157.4175430894034,0.0,1176.7018306639095,0.0,2311.406509028845,0.0,2388.8703669723195,0.0,2450.1330323271122,0.0
2024-05-08,859.9518873399388,0.0,845.1243269509687,0.0,850.8170061105344,0.0,1179.7041541244869,0.0,1159.0158600667664,0.0,1178.6782446808481,0.0,2318.8417959723956,0.0,2392.169238746856,0.0,2454.248329118759,0.0
2024-05-09,849.6089054270774,0.0,832.6884609695187,0.0,856.0043870272358,0.0,1164.5036048684112,0.0,1141.9611316125925,0.0,1185.8645761592697,0.0,2292.89403833047,0.0,2356.9688604009502,0.0,2469.2117358864684,0.0
2024-05-10,851.0017603649526,0.0,832.3596871557608,0.0,854.0675382924765,0.0,1168.0637333129248,0.0,1141.51024639681,0.0,1183.1813652566873,0.0,2292.026961179109,0.0,2356.038248680643,0.0,2463.6247439282693,0.0
2024-05-13,853.9228305290085,0.0,830.5066419932332,0.0,855.3521618223283,0.0,1173.6852208634864,0.0,1138.9689531642061,0.0,1184.9610168108602,0.0,2395.269385033714,100.0,2450.7931060496176,100.0,2567.3303411707343,100.0
2024-05-14,862.2135217473531,0.0,833.522488206885,0.0,857.4347228746905,0.0,1184.0599441844442,0.0,1143.1049287617323,0.0,1187.846090085148,0.0,2398.215612201985,0.0,2459.692752043519,0.0,2573.581125836642,0.0
2024-05-16,854.7282489977854,0.0,839.2818190123182,0.0,858.6087236078331,0.0,1172.9875275605739,0.0,1151.0033592458608,0.0,1189.4724904902369,0.0,2397.601427136814,0.0,2476.688315377653,0.0,2577.1048764475395,0.0
2024-05-17,842.3174624044166,0.0,836.9869380043531,0.0,861.5846680659577,0.0,1160.4242542972183,0.0,1147.8561258739455,0.0,1193.5952113161934,0.0,2379.8103826680094,0.0,2469.9162099312393,0.0,2586.037141825468,0.0
2024-05-20,943.6290382398372,100.0,937.2023822149507,100.0,961.9679822468163,100.0,1262.0053310328062,100.0,1248.1515892147572,100.0,1294.1262351234407,100.0,2492.394743820152,100.0,2570.5519774969307,100.0,2687.187655228769,100.0
2024-05-21,946.317802898569,0.0,927.6790900867112,0.0,965.6274779307075,0.0,1264.8389582621758,0.0,1235.4686165399264,0.0,1299.049319320883,0.0,2494.950731146892,0.0,2544.431560096079,0.0,2697.4101904977156,0.0
2024-05-22,954.7463276326187,0.0,925.6987536405925,0.0,963.3491048962638,0.0,1272.2703799861933,0.0,1232.8312351916618,0.0,1295.9842460838458,0.0,2493.886277231469,0.0,2538.9999074837065,0.0,2691.045720988176,0.0
2024-05-23,953.9250878362652,0.0,926.0754631333637,0.0,958.9598495557944,0.0,1271.4369636657614,0.0,1233.3329310483916,0.0,1290.0794232689636,0.0,2496.8423081792375,0.0,2540.0331435807984,0.0,2678.7846551479097,0.0
2024-05-24,950.5918571965241,0.0,914.2832449671098,0.0,966.4229237530645,0.0,1266.7727614137664,0.0,1217.6282378851158,0.0,1300.1194249027,0.0,2477.7548553508805,0.0,2507.6895321030943,0.0,2699.632210599932,0.0
2024-05-27,950.038218004642,0.0,924.62905593481,0.0,963.3090122779108,0.0,1366.6698502399095,100.0,1331.4066283865695,100.0,1395.9303098716196,100.0,2484.2980871542154,0.0,2536.0659482822534,0.0,2690.933725172211,0.0
2024-05-28,944.5178835409213,0.0,926.6110265521772,0.0,962.716679057049,0.0,1365.1639358416528,0.0,1334.2605391525062,0.0,1395.0719602807756,0.0,2478.9630793108136,0.0,2541.502083087815,0.0,2689.279085362719,0.0
2024-05-29,933.280528116913,0.0,910.7265849748401,0.0,956.8581242670663,0.0,1352.7931273949482,0.0,1311.3879605021368,0.0,1386.5823332772436,0.0,2451.0161543315858,0.0,2497.93435056503,0.0,2672.9136382795923,0.0
2024-05-30,925.0667378814522,0.0,895.5221014493466,0.0,954.9148284149833,0.0,1341.4637652573774,0.0,1289.4944779027064,0.0,1383.766304831132,0.0,2425.280271367228,0.0,2456.2316021139354,0.0,2667.4851825299756,0.0
2024-05-31,914.4062833466313,0.0,889.8201228278762,0.0,960.6251645044086,0.0,1328.5009818210692,0.0,1281.283993835808,0.0,1392.0411482356724,0.0,2402.234952972445,0.0,2440.5922560140825,0.0,2683.4365914436808,0.0
2024-06-03,1037.1384090489396,100.0,999.6357531697073,100.0,1059.845619562195,100.0,1453.7979653065422,100.0,1395.417872946598,100.0,1490.9115102909702,100.0,2451.996163506743,0.0,2467.514496572138,0.0,2681.2589892946785,0.0
2024-06-04,1016.2273811015028,0.0,995.2285967442559,0.0,1055.7450936456214,0.0,1428.884767942443,0.0,1389.265807231215,0.0,1485.1431972702571,0.0,2413.4824719420703,0.0,2456.6358116771844,0.0,2670.8852407300615,0.0
2024-06-05,1017.1643753707947,0.0,1005.6805151122338,0.0,1070.7978215975998,0.0,1429.9346151189604,0.0,1403.8559153290985,0.0,1506.318248570798,0.0,2417.163146142275,0.0,2482.4354692106376,0.0,2708.9665059536906,0.0
2024-06-07,1030.08856303704,0.0,1023.2182551714856,0.0,1068.2423921236405,0.0,1447.6020621821735,0.0,1428.337308528744,0.0,1502.7234616073567,0.0,2446.0519621778594,0.0,2525.7258654335615,0.0,2702.5016320870677,0.0
2024-06-10,1132.967544047286,100.0,1115.753209570512,100.0,1183.0302061434752,100.0,1448.732874307275,0.0,1417.9166547846878,0.0,1523.525851811433,0.0,2449.173346982796,0.0,2507.2990452847553,0.0,2739.912702662685,0.0
2024-06-11,1133.4830545452376,0.0,1123.1306876285894,0.0,1187.489844835155,0.0,1449.917164137239,0.0,1427.292069454464,0.0,1529.2690482245337,0.0,2454.5602481015912,0.0,2523.877571371853,0.0,2750.2412814573486,0.0
2024-06-12,1137.984837743129,0.0,1132.3386312097791,0.0,1199.9106204018367,0.0,1461.4899241462756,0.0,1438.9936683816245,0.0,1545.2647282816602,0.0,2479.4732459979555,0.0,2544.569484199995,0.0,2779.007952481762,0.0
2024-06-13,1122.841729650331,0.0,1141.4884302228052,0.0,1194.2296851896044,0.0,1443.001689226214,0.0,1450.6213762808438,0.0,1537.948726024612,0.0,2457.9320218483067,0.0,2565.130735678481,0.0,2765.850835723315,0.0
2024-06-14,1140.7488939367274,0.0,1148.0711357509044,0.0,1203.2260009174786,0.0,1462.6629985528962,0.0,1458.986781570987,0.0,1549.534330104117,0.0,2489.833656002079,0.0,2579.9232642989878,0.0,2786.686415078739,0.0
2024-06-17,1259.9822613459971,100.0,1238.9433478781682,100.0,1316.9571499140418,100.0,1585.2627606722874,100.0,1547.3870457736089,100.0,1667.2175307212297,100.0,2707.770616620432,200.0,2759.41147582949,200.0,3018.4879272991934,200.0
2024-06-18,1282.894017753862,0.0,1246.3211380065125,0.0,1315.5695319814035,0.0,1605.9311903106484,0.0,1556.6015888684065,0.0,1665.46085933417,0.0,2732.643348170619,0.0,2775.84350945014,0.0,3015.307483669994,0.0
2024-06-19,1293.0813367487654,0.0,1261.6086859333839,0.0,1315.3717137876188,0.0,1615.3584666930797,0.0,1575.6950798373014,0.0,1665.2104290444713,0.0,2748.9175688842442,0.0,2809.8923909094487,0.0,3014.854081044268,0.0
2024-06-20,1288.291652778881,0.0,1262.8389927013782,0.0,1310.6707646212706,0.0,1604.8852182792562,0.0,1577.2316801656232,0.0,1659.2592066666766,0.0,2734.2281036980457,0.0,2812.632566737672,0.0,3004.0794265261648,0.0
2024-06-21,1285.7812251656655,0.0,1247.9645311643173,0.0,1314.4303512529943,0.0,1601.0046633297268,0.0,1558.6541163611732,0.0,1664.0186999737175,0.0,2732.7409602287416,0.0,2779.5037235726927,0.0,3012.6964622894284,0.0
2024-06-24,1287.1918215217295,0.0,1244.4399968200273,0.0,1312.4440217057047,0.0,1605.1919758522963,0.0,1554.252124295855,0.0,1661.5040825138803,0.0,2824.385850024064,100.0,2871.653775846475,100.0,3108.143761574357,100.0
2024-06-25,1284.4120934252055,0.0,1245.6016663973662,0.0,1311.9779898335046,0.0,1602.1114129204364,0.0,1555.7029997200802,0.0,1660.9141039354147,0.0,2819.5777396085127,0.0,2874.334429663915,0.0,3107.0400999839826,0.0
2024-06-26,1292.562409641742,0.0,1251.9174450072915,0.0,1316.4495684117176,0.0,1609.4481859713828,0.0,1563.5911360272887,0.0,1666.5749518954872,0.0,2840.1406224434977,0.0,2888.9086393798902,0.0,3117.629739490435,0.0
2024-06-27,1299.5058590033855,0.0,1249.5472342133442,0.0,1322.1681229683309,0.0,1614.5289659491625,0.0,1560.6308445138886,0.0,1673.8144238918187,0.0,2852.1872202965787,0.0,2883.439171351393,0.0,3131.1724806484617,0.0
2024-06-28,1298.2173310258806,0.0,1258.203196625114,0.0,1313.477218051382,0.0,1610.7760765202556,0.0,1571.4417699106111,0.0,1662.8120696874212,0.0,2852.130486696035,0.0,2903.4135591940067,0.0,3110.5905880470964,0.0
2024-07-01,1300.8954918323066,0.0,1264.0450240425325,0.0,1312.89643320297,0.0,1609.5563655067183,0.0,1578.7379615281209,0.0,1662.0768182170805,0.0,2947.5866667585115,100.0,3016.8940852169094,100.0,3209.215167249292,100.0
2024-07-02,1274.6834049922388,0.0,1250.4240819996216,0.0,1321.5049161109253,0.0,1572.466334259693,0.0,1561.7259897502909,0.0,1672.9748293011876,0.0,2887.696611475523,0.0,2984.385006265812,0.0,3230.257553546144,0.0
2024-07-03,1283.055122929216,0.0,1255.0149383841429,0.0,1326.0051794972808,0.0,1577.3528154322514,0.0,1567.4597722598635,0.0,1678.6719911344976,0.0,2889.474763876861,0.0,2995.341995304262,0.0,3241.257898395033,0.0
2024-07-04,1288.3067052860622,0.0,1261.4871124055953,0.0,1320.4895816101125,0.0,1580.2733497807567,0.0,1575.5432397210188,0.0,1671.6894545420987,0.0,2895.5665865042083,0.0,3010.789121911643,0.0,3227.775692222254,0.0
2024-07-05,1303.7169554135514,0.0,1281.1871148814282,0.0,1325.968490091826,0.0,1597.511074749483,0.0,1600.147696966799,0.0,1678.6255437463115,0.0,2929.655516306027,0.0,3057.807083944378,0.0,3241.1682156192364,0.0
2024-07-08,1297.1382818837374,0.0,1280.789456035144,0.0,1325.6182267991187,0.0,1591.9730583677047,0.0,1599.651038141816,0.0,1678.1821237747447,0.0,2919.4857227136217,0.0,3056.8579922597696,0.0,3240.312039729761,0.0
2024-07-09,1295.7063623979964,0.0,1278.7755685078118,0.0,1326.3042442687924,0.0,1592.4769752272255,0.0,1597.135779089192,0.0,1679.0505957306439,0.0,2925.869707075964,0.0,3052.0514503613886,0.0,3241.988925745289,0.0
2024-07-10,1301.0665267343495,0.0,1281.2651351123636,0.0,1341.430281125733,0.0,1596.8171461728762,0.0,1600.245140885332,0.0,1698.1995815726455,0.0,2939.831136480105,0.0,3057.993294695387,0.0,3278.962677576757,0.0
2024-07-11,1313.2574023369793,0.0,1288.9626943801727,0.0,1327.591227734931,0.0,1608.7276380698602,0.0,1609.8590619055963,0.0,1680.6798677207266,0.0,2957.5733815613157,0.0,3076.3650461630614,0.0,3245.1347998257406,0.0
2024-07-12,1293.72936357488,0.0,1279.873156462058,0.0,1331.1166858557906,0.0,1589.5707122982417,0.0,1598.5066193176065,0.0,1685.1429632613101,0.0,2916.0385657270463,0.0,3054.6710616443643,0.0,3253.752352122203,0.0
2024-07-15,1301.827490872835,0.0,1277.4785052311431,0.0,1333.2099232897478,0.0,1695.3057643197187,100.0,1695.5158027478176,100.0,1787.7929220288247,100.0,2914.459429788424,0.0,3048.9557516694076,0.0,3258.8690156699295,0.0
2024-07-16,1310.4470037833714,0.0,1269.0588476605408,0.0,1339.1451567171885,0.0,1705.2295516169568,0.0,1684.3409278624679,0.0,1795.7518849249184,0.0,2930.6768263380623,0.0,3028.860569424184,0.0,3273.376969728452,0.0
2024-07-17,1308.3822425584622,0.0,1259.8095413128997,0.0,1320.2539155812954,0.0,1709.8241320016816,0.0,1672.0649130311706,0.0,1770.4193198118778,0.0,2931.4219842287102,0.0,3006.785265869476,0.0,3227.199635364334,0.0
2024-07-18,1300.520470866671,0.0,1250.7154827668458,0.0,1305.5941598380607,0.0,1701.9864132510643,0.0,1659.9949487125473,0.0,1750.7610446231095,0.0,2912.180808211304,0.0,2985.08049197585,0.0,3191.365650832451,0.0
2024-07-19,1292.5002354482717,0.0,1236.3999240483006,0.0,1301.5215531433482,0.0,1691.2761306871819,0.0,1640.9948199956527,0.0,1745.2998060770838,0.0,2896.192523212484,0.0,2950.9135725994865,0.0,3181.410660595311,0.0
2024-07-22,1296.3394546780019,0.0,1219.3927263844594,0.0,1315.2266801731457,0.0,1700.5902319124841,0.0,1618.422250452276,0.0,1763.6779539376387,0.0,2891.4947185771985,0.0,2910.3225231809565,0.0,3214.9111716948833,0.0
2024-07-23,1320.3497504244901,0.0,1226.7140128627248,0.0,1314.2943295907264,0.0,1723.4860610842695,0.0,1628.1393273890005,0.0,1762.427700888227,0.0,2911.582045686724,0.0,2927.7962250288697,0.0,3212.632154436077,0.0
2024-07-24,1331.650682278071,0.0,1226.458726091585,0.0,1289.13940213847,0.0,1738.3885027220263,0.0,1627.8005015278006,0.0,1728.695727800056,0.0,2927.32617071793,0.0,2927.186932531185,0.0,3151.144002995303,0.0
2024-07-25,1301.5996929097776,0.0,1208.009683871686,0.0,1283.7442243404503,0.0,1700.0066041199182,0.0,1603.314263597918,0.0,1721.4609626577546,0.0,2868.3775203762243,0.0,2883.154635190123,0.0,3137.956149040082,0.0
2024-07-26,1319.346641582244,0.0,1217.234121909337,0.0,1296.7150683576708,0.0,1717.586777783707,0.0,1615.5572723062921,0.0,1738.8544599019895,0.0,2885.3529717717356,0.0,2905.170585592142,0.0,3169.66179489254,0.0
2024-07-29,1341.0720211233795,0.0,1231.3494270337474,0.0,1297.181284647613,0.0,1747.6820015797955,0.0,1634.2916171904078,0.0,1739.4796414047169,0.0,3020.0676639353874,100.0,3038.8595600597414,100.0,3270.801403738343,100.0
2024-07-30,1323.7600112918526,0.0,1223.686596502784,0.0,1294.6995698226556,0.0,1732.9379613270034,0.0,1624.121230600086,0.0,1736.151739233388,0.0,2993.473143476537,0.0,3019.948383991522,0.0,3264.543838639912,0.0
2024-07-31,1319.5189061790845,0.0,1236.683328533495,0.0,1316.1572700759568,0.0,1733.9008027211567,0.0,1641.3709647066978,0.0,1764.9258459706143,0.0,3016.55092970495,0.0,3052.0231488908753,0.0,3318.6487482158777,0.0
2024-08-01,1314.540365547854,0.0,1253.0153860527257,0.0,1296.5788912910086,0.0,1727.7823412633857,0.0,1663.0474637646853,0.0,1738.6718507031915,0.0,3018.395749574967,0.0,3092.329196904653,0.0,3269.2824880249395,0.0
2024-08-02,1280.6125422221721,0.0,1210.3679453471957,0.0,1276.7220231353692,0.0,1685.3668093860053,0.0,1606.4442337558226,0.0,1712.0444098762332,0.0,2935.712632669686,0.0,2987.079151665847,0.0,3219.214025732134,0.0
2024-08-05,1166.51033209011,0.0,1101.267041144542,0.0,1225.539034358198,0.0,1531.3244987855985,0.0,1461.6415569106218,0.0,1643.4096184111977,0.0,2756.2809471011924,100.0,2817.8279395659115,100.0,3190.1577453793275,100.0
2024-08-06,1205.9076187766877,0.0,1124.9715872229444,0.0,1232.3035749721896,0.0,1583.0835665583727,0.0,1493.1030901640702,0.0,1652.480656376944,0.0,2842.308344389134,0.0,2878.4811051823367,0.0,3207.7662841762653,0.0
2024-08-07,1224.7755011659576,0.0,1145.7636943753039,0.0,1226.8414469675636,0.0,1587.9100869356193,0.0,1520.6991288487861,0.0,1645.1561130958755,0.0,2884.8648431181664,0.0,2931.682171106798,0.0,3193.548010035911,0.0
2024-08-08,1235.0312654863208,0.0,1136.1917619862186,0.0,1254.9835833073262,0.0,1600.7799677420653,0.0,1507.9949130345312,0.0,1682.893840126027,0.0,2900.2933393889784,0.0,2907.1903289705174,0.0,3266.803819682831,0.0
2024-08-09,1259.4410263459945,0.0,1152.902203480068,0.0,1261.9500134375073,0.0,1621.2746311638077,0.0,1530.1736170265708,0.0,1692.2356056357032,0.0,2924.9328511328054,0.0,2949.9475778162764,0.0,3284.9378900097545,0.0
2024-08-12,1257.302474621045,0.0,1174.8943780428651,0.0,1262.8338565255372,0.0,1627.8506088883566,0.0,1559.3624287015386,0.0,1693.4208116481702,0.0,2940.2570223718035,0.0,3006.2192736171924,0.0,3287.238591002485,0.0
2024-08-13,1250.1674571279075,0.0,1169.0308093258093,0.0,1280.968412357871,0.0,1619.9973080676295,0.0,1551.5800876448748,0.0,1717.7386853714495,0.0,2917.277461591512,0.0,2991.216075356294,0.0,3334.4440182680723,0.0
2024-08-14,1239.4563397573918,0.0,1179.1197105840467,0.0,1277.9125184993275,0.0,1612.4899553246753,0.0,1564.9704432912963,0.0,1713.6408270257105,0.0,2915.0144803964163,0.0,3017.0306932308445,0.0,3326.489327973776,0.0
2024-08-16,1271.2404908708759,0.0,1204.1045336616276,0.0,1305.6099052484544,0.0,1647.7427793266745,0.0,1598.1312066101527,0.0,1750.7821587273215,0.0,2973.491846664877,0.0,3080.9597221609656,0.0,3398.5874255352032,0.0
2024-08-19,1261.3127020484271,0.0,1201.0342249607688,0.0,1311.8454436102193,0.0,1636.9708132766054,0.0,1594.0561815507856,0.0,1759.1438211733182,0.0,3044.2714385251074,100.0,3173.1036787880703,100.0,3514.8189370935534,100.0
2024-08-20,1251.5243396679089,0.0,1220.6982373828178,0.0,1302.4490358052149,0.0,1623.5691485974412,0.0,1620.1549719965633,0.0,1746.543531396873,0.0,3035.3768597287244,0.0,3225.0555290013103,0.0,3489.6432029744537,0.0
2024-08-21,1249.9686814728827,0.0,1221.208587072035,0.0,1302.05656808971,0.0,1619.5102194748174,0.0,1620.8323266130615,0.0,1746.0172444321217,0.0,3024.281579356889,0.0,3226.4038606663617,0.0,3488.591666785207,0.0
2024-08-22,1242.8294744931484,0.0,1215.5877321223934,0.0,1288.660285573968,0.0,1611.664967537331,0.0,1613.3721240710652,0.0,1728.0532474315255,0.0,3012.353507300879,0.0,3211.5536964096145,0.0,3452.6990944533586,0.0
2024-08-23,1277.3854812583695,0.0,1211.7279535080038,0.0,1306.827213911867,0.0,1651.013129607768,0.0,1608.2492859105737,0.0,1752.4145316750137,0.0,3049.4248218108914,0.0,3201.356253683927,0.0,3501.373627007394,0.0
2024-08-26,1272.2481308352208,0.0,1216.646288329645,0.0,1295.4654486608447,0.0,1740.0796949094756,100.0,1714.7770782602295,100.0,1837.178758866326,100.0,3025.8573088546254,0.0,3214.3503765754467,0.0,3470.9321235074053,0.0
2024-08-27,1271.707218278759,0.0,1212.6914459454338,0.0,1299.9440861316918,0.0,1745.3801682746184,0.0,1709.2030070337537,0.0,1843.5301884923406,0.0,3023.5833368185304,0.0,3203.90177764499,0.0,3482.931707659323,0.0
2024-08-28,1307.9737233159426,0.0,1211.7731905535632,0.0,1290.8677407296327,0.0,1781.5842449814368,0.0,1707.9087908650338,0.0,1830.6584681403747,0.0,3058.831437946259,0.0,3201.475768875667,0.0,3458.6135146479837,0.0
2024-08-29,1300.5366834666204,0.0,1195.7602299672103,0.0,1297.1306400650128,0.0,1781.0503021907841,0.0,1685.339653037588,0.0,1839.540268608131,0.0,3039.5719607203746,0.0,3159.169910234125,0.0,3475.3936599709914,0.0
2024-08-30,1317.8304628676606,0.0,1209.4347854558482,0.0,1314.7722072264094,0.0,1812.9199754051456,0.0,1704.6129739133762,0.0,1864.558853623683,0.0,3091.5504732831705,0.0,3195.2977585710078,0.0,3522.6605957528773,0.0
2024-09-02,1316.847367964857,0.0,1213.0025253508943,0.0,1319.0115104728104,0.0,1814.0585883421686,0.0,1709.6414515012368,0.0,1870.5708687528645,0.0,3095.3138853751984,0.0,3204.7236419893584,0.0,3534.018933278925,0.0
2024-09-03,1329.6419301193878,0.0,1202.2599246968346,0.0,1289.2280194092457,0.0,1821.7632527240419,0.0,1694.5005140412823,0.0,1828.3330790816474,0.0,3095.1368151541337,0.0,3176.3419481568944,0.0,3454.2202200136776,0.0
2024-09-04,1304.8317537239639,0.0,1163.9067947564533,0.0,1288.753716026956,0.0,1783.1709585509075,0.0,1640.444484172819,0.0,1827.6604404558145,0.0,3011.290558974191,0.0,3075.013896734516,0.0,3452.9494220564034,0.0
2024-09-05,1283.8576020985172,0.0,1166.3851789046778,0.0,1281.9544771364672,0.0,1764.8837572850368,0.0,1643.9375917171114,0.0,1818.0180240725936,0.0,2988.5031324843108,0.0,3081.561728340596,0.0,3434.7322656630818,0.0
2024-09-06,1260.9869091452454,0.0,1147.532479782478,0.0,1256.9013666682672,0.0,1728.8103458877172,0.0,1617.3660428387032,0.0,1782.4886763441086,0.0,2930.5328260929755,0.0,3031.7533484489313,0.0,3367.6076302606125,0.0
2024-09-09,1263.8645871230424,0.0,1141.9648584858319,0.0,1273.7133138988584,0.0,1839.6748049964633,100.0,1709.5188735574573,100.0,1906.33072661195,100.0,2946.61593471766,0.0,3017.0438262293924,0.0,3412.6517707752755,0.0
2024-09-10,1282.2421481630008,0.0,1138.4725698177708,0.0,1285.020222546842,0.0,1853.6336941555412,0.0,1704.2909251266472,0.0,1923.2534572950944,0.0,2962.2583272392076,0.0,3007.8172831470115,0.0,3442.9462973366903,0.0
2024-09-11,1268.4174626486679,0.0,1133.886237963244,0.0,1300.151521216517,0.0,1838.0574535329788,0.0,1697.4251964595608,0.0,1945.9000444609678,0.0,2943.8394824211296,0.0,2995.700304149,0.0,3483.487487128553,0.0
2024-09-12,1305.8336416093364,0.0,1165.0465467266226,0.0,1312.3028956377073,0.0,1892.3586777387834,0.0,1744.0721099272,0.0,1964.0866632054747,0.0,3029.0402865172273,0.0,3078.025094162773,0.0,3516.0445853258643,0.0
2024-09-13,1314.0539616214216,0.0,1162.5282293064672,0.0,1311.1821675084993,0.0,1897.519749289785,0.0,1740.302194305565,0.0,1962.4093010820097,0.0,3029.2900980158065,0.0,3071.371759807949,0.0,3513.0418257621823,0.0
2024-09-19,1318.3240546793336,0.0,1172.8825499507682,0.0,1327.6820871388188,0.0,1908.6343934325764,0.0,1755.8025894646316,0.0,1987.1042645676498,0.0,3033.348239263778,0.0,3098.72762714708,0.0,3557.2499527634604,0.0
2024-09-20,1340.421823017301,0.0,1168.8878777523234,0.0,1319.7891423118676,0.0,1930.4725524995386,0.0,1749.8225739972806,0.0,1975.2911170697944,0.0,3057.3826068039066,0.0,3088.173798800638,0.0,3536.102437191157,0.0
2024-09-23,1341.4464288778963,0.0,1169.473267866306,0.0,1323.2200064137749,0.0,1931.5096345102515,0.0,1750.698901706326,0.0,1980.42599442793,0.0,3070.356816589696,0.0,3089.720385472025,0.0,3545.2947289925382,0.0
2024-09-24,1358.8980473965912,0.0,1186.1474963102203,0.0,1332.8710809362167,0.0,1953.8466988180273,0.0,1775.6601848973655,0.0,1994.8704849629594,0.0,3112.5333689568024,0.0,3133.7732979675584,0.0,3571.152789985933,0.0
2024-09-25,1324.8455716284018,0.0,1169.5571239638198,0.0,1320.4885076953294,0.0,1911.0521803068955,0.0,1750.824434099287,0.0,1976.3378374778117,0.0,3051.9112142682648,0.0,3089.9419312747846,0.0,3537.976242299611,0.0
2024-09-26,1355.0960730838476,0.0,1200.7518270561786,0.0,1332.8895753159336,0.0,1944.4999517803512,0.0,1797.5228358015227,0.0,1994.8981649785007,0.0,3125.050742810661,0.0,3172.357590282585,0.0,3571.20234185683,0.0
2024-09-27,1327.0972033535104,0.0,1205.6824890577966,0.0,1325.4602562343875,0.0,1908.7338276917212,0.0,1804.9040259390854,0.0,1983.77891303349,0.0,3070.362131965238,0.0,3185.384281288585,0.0,3551.297015718969,0.0
2024-09-30,1309.5661755263804,0.0,1184.3550357873557,0.0,1331.6492190012468,0.0,1882.2198972714614,0.0,1772.9768754494667,0.0,1993.041758730067,0.0,3020.6051198694186,0.0,3129.037660163923,0.0,3567.8790632763844,0.0
2024-10-02,1286.6542672786038,0.0,1167.2773038571847,0.0,1332.9152848829303,0.0,1852.631751457295,0.0,1747.4115484297786,0.0,1994.9366437609697,0.0,2988.3878612075273,0.0,3083.9187011144827,0.0,3571.2712253319255,0.0
2024-10-04,1303.144279638794,0.0,1165.5181382060425,0.0,1346.0152551560386,0.0,1874.3553887245541,0.0,1744.778081331387,0.0,2014.542999113327,0.0,3024.8367702317814,0.0,3079.271027565113,0.0,3606.369890205563,0.0
2024-10-07,1318.3739238955095,0.0,1180.403244035084,0.0,1341.2651333776255,0.0,1891.2728499650061,0.0,1767.0610519154266,0.0,2007.4336260679759,0.0,3056.344097203507,0.0,3118.5971209300415,0.0,3593.6429199198574,0.0
2024-10-08,1299.8861071608198,0.0,1176.0976804341153,0.0,1353.801840580048,0.0,1861.4262767542587,0.0,1760.6156327044382,0.0,2026.1969614981124,0.0,3011.7517403629035,0.0,3107.22192493849,0.0,3627.232437723575,0.0
2024-10-10,1334.3829385523154,0.0,1181.1933494414768,0.0,1364.8257748310411,0.0,1901.3678737899427,0.0,1768.2438379655323,0.0,2042.6961723970628,0.0,3070.0118380168033,0.0,3120.68456050466,0.0,3656.768792829579,0.0
2024-10-11,1321.664724303929,0.0,1175.310340665027,0.0,1374.1857511163073,0.0,1884.0772095626355,0.0,1759.4369868072752,0.0,2056.7049844258418,0.0,3046.7519817924926,0.0,3105.141792111441,0.0,3681.8469162155643,0.0
2024-10-14,1421.86026591554,100.0,1289.4136067565018,100.0,1486.4998685126327,100.0,1884.71809950098,0.0,1780.5495450292042,0.0,2075.135175982735,0.0,3049.683737426772,0.0,3142.4022836009717,0.0,3714.840050604235,0.0
2024-10-15,1442.499527778607,0.0,1287.792198137513,0.0,1477.1416864382336,0.0,1904.1605075373652,0.0,1778.3105440106642,0.0,2062.0712711569195,0.0,3087.545487844978,0.0,3138.4507833839248,0.0,3691.4534696113906,0.0
2024-10-16,1442.5159762220292,0.0,1273.8922241745279,0.0,1486.9768144579182,0.0,1902.3574351445034,0.0,1759.1160883402542,0.0,2075.800986541531,0.0,3075.07521151375,0.0,3104.575454556619,0.0,3716.0319631883194,0.0
2024-10-17,1433.449495796333,0.0,1274.95725198903,0.0,1490.066475068679,0.0,1897.97061623315,0.0,1760.5867838413865,0.0,2080.114114010323,0.0,3084.3261513893112,0.0,3107.171011031946,0.0,3723.753184846491,0.0
2024-10-18,1434.4345516482065,0.0,1265.8200092852376,0.0,1500.3476494552674,0.0,1898.2551828477629,0.0,1747.969177470701,0.0,2094.466504529785,0.0,3070.0288463460433,0.0,3084.9028325454155,0.0,3749.4463713630566,0.0
2024-10-21,1438.818931818023,0.0,1267.6286671375851,0.0,1492.4981992894755,0.0,1908.1696694419948,0.0,1750.466750708052,0.0,2083.5087705291385,0.0,3079.3329526509506,0.0,3089.3106738584656,0.0,3729.830189438814,0.0
2024-10-22,1431.4956728038972,0.0,1250.010845736283,0.0,1498.7093794908374,0.0,1900.5887913744848,0.0,1726.13832442488,0.0,2092.1795002030735,0.0,3059.512232962182,0.0,3046.3746586702987,0.0,3745.352249993469,0.0
2024-10-23,1416.2736421547477,0.0,1266.360481977261,0.0,1487.8423824773702,0.0,1890.111975289669,0.0,1748.7155154966383,0.0,2077.0093086426073,0.0,3063.666104406016,0.0,3086.2200069669816,0.0,3718.195062434605,0.0
2024-10-24,1421.894325472716,0.0,1258.610430438583,0.0,1493.3784986782334,0.0,1883.598405339003,0.0,1738.0134795720617,0.0,2084.7376574370364,0.0,3047.5612341246856,0.0,3067.332522357269,0.0,3732.0301031388753,0.0
2024-10-25,1409.003911698145,0.0,1255.5535799561158,0.0,1486.8436790028352,0.0,1859.2856277206836,0.0,1733.7922787818272,0.0,2075.615131115732,0.0,3012.493223340955,0.0,3059.8827375198844,0.0,3715.699250800533,0.0
2024-10-28,1427.110382508105,0.0,1262.5669756306966,0.0,1495.2500944963797,0.0,1978.2806940797523,100.0,1843.4770675974944,100.0,2187.3503817296696,100.0,3144.124918252637,100.0,3176.974933901338,100.0,3836.7073178841088,100.0
2024-10-29,1417.6041891538425,0.0,1267.998657271879,0.0,1494.8726261429058,0.0,1968.9830190674293,0.0,1851.4078789819823,0.0,2186.798196145397,0.0,3126.808663992746,0.0,3190.642578276678,0.0,3835.738760450557,0.0
2024-10-30,1410.5866889329382,0.0,1254.8215588967987,0.0,1489.8183494370005,0.0,1961.6424852265343,0.0,1832.1679660579157,0.0,2179.404467081128,0.0,3121.494529601541,0.0,3157.4852788642884,0.0,3822.7698394014737,0.0
2024-10-31,1376.0256548998507,0.0,1236.3437612370371,0.0,1455.4294409943489,0.0,1915.0614178670864,0.0,1805.1884894020645,0.0,2129.0981054322187,0.0,3050.5907114378565,0.0,3110.9899236618926,0.0,3734.53030197452,0.0
2024-11-01,1362.0182284431735,0.0,1231.6684173296078,0.0,1457.9533106040296,0.0,1899.037496142107,0.0,1798.3620085556347,0.0,2132.790188231271,0.0,3023.024225846177,0.0,3099.2254385391516,0.0,3741.0063751321077,0.0
2024-11-04,1490.3256154659325,100.0,1349.7521352404299,100.0,1556.3649376229996,100.0,1937.2146423245053,0.0,1824.7660884254171,0.0,2130.4666115539158,0.0,3092.0675738108484,0.0,3144.7291778443287,0.0,3736.930720990852,0.0
2024-11-05,1485.1401753892499,0.0,1349.848907914972,0.0,1575.2527674833916,0.0,1936.5832909856567,0.0,1824.8969179978844,0.0,2156.3216600130086,0.0,3087.411841117569,0.0,3144.9546443172494,0.0,3782.281595937923,0.0
2024-11-06,1477.696215496903,0.0,1330.4461979059022,0.0,1605.5039243050562,0.0,1926.3493377699701,0.0,1798.665874294593,0.0,2197.7316648335163,0.0,3063.3261261044254,0.0,3099.749108647618,0.0,3854.9165381289517,0.0
2024-11-07,1501.6945523718214,0.0,1334.884169959544,0.0,1648.2757309178028,0.0,1958.866048603458,0.0,1804.665687662862,0.0,2256.2808544878844,0.0,3130.600158428098,0.0,3110.0889479730495,0.0,3957.6143529278156,0.0
2024-11-08,1525.2835260713402,0.0,1352.1809598135515,0.0,1645.8923602374018,0.0,2011.48522182167,0.0,1828.0496814645028,0.0,2253.0183216880223,0.0,3173.8668689452074,0.0,3150.3879912690613,0.0,3951.891729075404,0.0
2024-11-11,1661.3699374251541,100.0,1422.414371629398,100.0,1759.80322594992,100.0,2058.082204135454,0.0,1787.8074330779923,0.0,2272.0605361596445,0.0,3211.5452219813033,0.0,3081.0361036568147,0.0,3985.292598100429,0.0
2024-11-12,1648.924729233006,0.0,1398.087008461258,0.0,1762.6452298296817,0.0,2040.0926645995999,0.0,1757.2308011438206,0.0,2275.729812794442,0.0,3176.458315572058,0.0,3028.3415543589554,0.0,3991.728668258031,0.0
2024-11-13,1636.9117639124304,0.0,1361.3875866897345,0.0,1771.4190470582528,0.0,2019.2578570893902,0.0,1711.1039478572957,0.0,2287.057581480485,0.0,3136.894348168608,0.0,2948.848373105544,0.0,4011.5980652124745,0.0
2024-11-14,1653.5980374573771,0.0,1376.6607330562886,0.0,1768.7923968881769,0.0,2054.9585315625445,0.0,1730.300495041598,0.0,2283.6663454003806,0.0,3184.5360301586015,0.0,2981.930937729721,0.0,4005.6496902315434,0.0
2024-11-15,1644.3621562945682,0.0,1378.1663517733984,0.0,1751.7810597036653,0.0,2043.8871824693676,0.0,1732.192880542981,0.0,2261.703214912669,0.0,3171.435177072289,0.0,2985.192199509889,0.0,3967.1254079904825,0.0
2024-11-18,1767.7279145686505,100.0,1513.989585650832,100.0,1858.347326378246,100.0,2267.7477629923965,200.0,1977.2184687825052,200.0,2470.180841934384,200.0,3418.682169613141,200.0,3262.7875044558596,200.0,4181.995533007575,200.0
2024-11-19,1758.2984960024094,0.0,1512.2658958095349,0.0,1854.373935987791,0.0,2250.0240175822846,0.0,1974.9673889726,0.0,2464.8992712179147,0.0,3404.6754198252547,0.0,3259.072793516601,0.0,4173.053877899344,0.0
2024-11-20,1770.1176266545597,0.0,1513.875386752342,0.0,1852.7812552603557,0.0,2267.1390011778685,0.0,1977.0693289381172,0.0,2462.782223793903,0.0,3428.4220183082048,0.0,3262.5413952735066,0.0,4169.469734293303,0.0
2024-11-21,1743.1642713215008,0.0,1515.7286455198869,0.0,1873.5751973049876,0.0,2234.16744331093,0.0,1979.489621321468,0.0,2490.4222653178135,0.0,3400.8861586697953,0.0,3266.5353392256834,0.0,4216.26409372758,0.0
2024-11-22,1771.1986808386962,0.0,1537.36195879111,0.0,1893.1771745000178,0.0,2275.0094309119827,0.0,2007.7419864276867,0.0,2516.4779051026358,0.0,3465.171423554667,0.0,3313.1571290255015,0.0,4260.376074251422,0.0
2024-11-25,1767.426217495651,0.0,1551.8059323983275,0.0,1897.6903536131476,0.0,2269.374657782619,0.0,2026.6053205281792,0.0,2522.47698203687,0.0,3479.7990923392804,0.0,3344.28522729446,0.0,4270.532461393301,0.0
2024-11-26,1749.5294998698826,0.0,1557.3233057474838,0.0,1914.0959920200353,0.0,2248.0743847759463,0.0,2033.8108208754156,0.0,2544.283935514924,0.0,3455.961399581263,0.0,3356.1756768666783,0.0,4307.451451487285,0.0
2024-11-27,1753.6441196201854,0.0,1540.0399052644216,0.0,1899.7655790269423,0.0,2245.4051797046304,0.0,2011.2392926678526,0.0,2525.2354448856,0.0,3439.6598687406436,0.0,3318.928351214567,0.0,4275.202515955914,0.0
2024-11-28,1747.5650205083637,0.0,1538.1311867097295,0.0,1886.9500678512925,0.0,2235.2211977079105,0.0,2008.746571704767,0.0,2508.200615208533,0.0,3420.2059484160136,0.0,3314.814886294598,0.0,4246.362691597446,0.0
2024-11-29,1718.9583440244503,0.0,1502.8796270928153,0.0,1898.5716158450061,0.0,2192.285817965876,0.0,1962.7092439790365,0.0,2523.648386892656,0.0,3356.321132938465,0.0,3238.844516801466,0.0,4272.515640029892,0.0
2024-12-02,1720.6257827306106,0.0,1497.5085381718316,0.0,1905.2097263947178,0.0,2190.198282208526,0.0,1955.6947860774144,0.0,2532.4719976750916,0.0,3348.62431963607,0.0,3227.26932369393,0.0,4287.453939384624,0.0
2024-12-03,1748.7763221345533,0.0,1530.3993718422819,0.0,1914.0525362133712,0.0,2229.327731744322,0.0,1998.6490866903287,0.0,2544.2261725232765,0.0,3412.544327104005,0.0,3298.152110555999,0.0,4307.353659224897,0.0
2024-12-04,1714.3436205555279,0.0,1495.597457943272,0.0,1924.1782017675234,0.0,2187.0896789664394,0.0,1953.1989808492635,0.0,2557.6855644833618,0.0,3364.5379653108007,0.0,3223.150769148473,0.0,4330.14029739265,0.0
2024-12-05,1677.426031593851,0.0,1482.599319088411,0.0,1920.4061859495641,0.0,2140.154573633988,0.0,1936.2238573429925,0.0,2552.6716679545816,0.0,3305.9729079699237,0.0,3195.138578418249,0.0,4321.651812448405,0.0
2024-12-06,1644.1210040108365,0.0,1475.642434336505,0.0,1911.0591418794338,0.0,2097.105781288852,0.0,1927.1384044792285,0.0,2540.247247146362,0.0,3252.4125080233225,0.0,3180.1458487102036,0.0,4300.617371796079,0.0
2024-12-09,1687.9025290752086,100.0,1512.853734199584,100.0,2004.840702274108,100.0,2129.1755460408876,100.0,1945.138515762558,100.0,2631.981477792181,100.0,3156.919433237295,0.0,3044.830395969025,0.0,4286.623493319965,0.0
2024-12-10,1735.7815170166434,0.0,1548.4690027470244,0.0,2000.5496016254951,0.0,2193.3921529798426,0.0,1990.9305371819362,0.0,2626.34806391861,0.0,3256.3135304690063,0.0,3116.511120802098,0.0,4277.448533518082,0.0
2024-12-11,1768.0489374683902,0.0,1559.5359530710036,0.0,2020.2711278765853,0.0,2239.9869136224033,0.0,2005.1597721969072,0.0,2652.238745281864,0.0,3331.0327530102486,0.0,3138.7849110406232,0.0,4319.615852675237,0.0
2024-12-12,1784.1491597392928,0.0,1594.102473958233,0.0,2014.8576478205043,0.0,2259.1589168863975,0.0,2049.6033754440077,0.0,2645.131856828412,0.0,3369.4318465828187,0.0,3208.3548840664816,0.0,4308.041092265249,0.0
2024-12-13,1812.4198665904091,0.0,1608.4953524946595,0.0,2020.7649747398966,0.0,2293.2907056070376,0.0,2068.1088936980295,0.0,2652.887073997271,0.0,3425.152062136372,0.0,3237.3225714658106,0.0,4320.671764780359,0.0
2024-12-16,1888.174541735492,100.0,1692.1103898152462,100.0,2122.44276148729,100.0,2262.0467438466185,0.0,2047.042070602986,0.0,2655.0896947031533,0.0,3394.4367173143055,0.0,3204.345535236006,0.0,4324.259102208216,0.0
2024-12-17,1856.3054215810796,0.0,1672.7029864902565,0.0,2112.2320974080003,0.0,2221.73000266509,0.0,2023.563832228862,0.0,2642.3165686311922,0.0,3337.810833575997,0.0,3167.5937804041328,0.0,4303.455923019761,0.0
2024-12-18,1899.7118482989645,0.0,1689.1182952441795,0.0,2053.634210833449,0.0,2273.3428232380215,0.0,2043.4223638137235,0.0,2569.012992394134,0.0,3400.5362314438285,0.0,3198.679412660606,0.0,4184.068748492328,0.0
2024-12-19,1904.900196395684,0.0,1661.8665510108929,0.0,2081.7249177277477,0.0,2277.331375920471,0.0,2010.4543805907485,0.0,2604.153325855808,0.0,3403.6499982441987,0.0,3147.072847576598,0.0,4241.3006782193825,0.0
2024-12-20,1881.5323513602839,0.0,1653.8682661600747,0.0,2103.741238201798,0.0,2252.230514585431,0.0,2000.7784010087787,0.0,2631.694848608098,0.0,3361.6301862174205,0.0,3131.9265140362295,0.0,4286.156669596192,0.0
2024-12-23,1913.9411187872101,0.0,1659.7409031897698,0.0,2102.519403606621,0.0,2294.648266087374,0.0,2007.8828636593978,0.0,2630.1663831525616,0.0,3415.3448241457786,0.0,3143.047513209469,0.0,4283.667307119399,0.0
2024-12-24,1909.7224667635426,0.0,1666.207482004995,0.0,2131.456021938136,0.0,2291.197868671901,0.0,2015.7058514309467,0.0,2666.3649174667335,0.0,3410.7943202591055,0.0,3155.2932585695457,0.0,4342.622694504968,0.0
2024-12-26,1912.500984580495,0.0,1642.8225725761608,0.0,2132.883963412239,0.0,2299.120888702624,0.0,1987.4157979532358,0.0,2668.151214257076,0.0,3419.820725126687,0.0,3111.00930961964,0.0,4345.531978575594,0.0
2024-12-27,1878.1468528159016,0.0,1611.927311976586,0.0,2105.648224676299,0.0,2255.768237249921,0.0,1950.0400459867951,0.0,2634.080411238224,0.0,3369.42381485159,0.0,3052.503026011862,0.0,4290.041958646047,0.0
2024-12-30,1989.8795261222447,100.0,1701.0912638306709,100.0,2180.3824524750517,100.0,2268.038080447186,0.0,1936.9310629279591,0.0,2602.473956346954,0.0,3375.334135703478,0.0,3031.982826676783,0.0,4238.565543169473,0.0
2025-01-02,2046.4094986879456,0.0,1712.599269935395,0.0,2183.340225817618,0.0,2325.691452664321,0.0,1950.0345424240618,0.0,2606.0043131814023,0.0,3442.116881803065,0.0,3052.4944109878106,0.0,4244.315321681989,0.0
2025-01-03,2070.7729685890845,0.0,1759.718348723621,0.0,2228.6492652538864,0.0,2356.975395063374,0.0,2003.6862243190963,0.0,2660.08454804393,0.0,3506.658845796821,0.0,3136.478286945775,0.0,4332.3940590295015,0.0
2025-01-06,2061.5465807378087,0.0,1794.3846472806451,0.0,2233.4092272135076,0.0,2354.5137902414963,0.0,2043.158668825471,0.0,2665.7659719698354,0.0,3531.8349969517835,0.0,3198.2666366505737,0.0,4341.647211257884,0.0
2025-01-07,2077.8880915609816,0.0,1790.2893639867646,0.0,2190.9362928795085,0.0,2370.593588075837,0.0,2038.4956142368858,0.0,2615.0708724342503,0.0,3537.180720674647,0.0,3190.9673054027835,0.0,4259.08173482918,0.0
2025-01-08,2110.1828808857476,0.0,1827.7146096774236,0.0,2202.7970511604876,0.0,2408.305527970988,0.0,2081.109507128622,0.0,2629.227707393977,0.0,3606.6171258290283,0.0,3257.673133967625,0.0,4282.1385161331,0.0
2025-01-09,2115.614340186522,0.0,1826.1373746253248,0.0,2209.383090767029,0.0,2413.1712619561094,0.0,2079.3136037394825,0.0,2637.0887120227926,0.0,3618.7419276486485,0.0,3254.861909377106,0.0,4294.941481278297,0.0
2025-01-10,2129.4547099274737,0.0,1828.1667255943028,0.0,2179.2642267571905,0.0,2426.729972345935,0.0,2081.6243045307765,0.0,2601.1392577922365,0.0,3630.472703833471,0.0,3258.4789741508007,0.0,4236.391762605504,0.0
2025-01-13,2136.9629123080026,0.0,1797.4798482133456,0.0,2193.971754582498,0.0,2434.3312027525108,0.0,2046.6829893366764,0.0,2618.693957007579,0.0,3628.094171107985,0.0,3203.783445932122,0.0,4264.982536024538,0.0
2025-01-14,2137.170545313319,0.0,1815.961807266562,0.0,2192.533888263291,0.0,2434.494738808536,0.0,2067.727292693642,0.0,2616.9777399080526,0.0,3628.17838622574,0.0,3236.7252307993876,0.0,4262.1873884900515,0.0
2025-01-15,2147.8385531178374,0.0,1806.289336589963,0.0,2223.409792309697,0.0,2444.574545393385,0.0,2056.7138278037137,0.0,2653.830786522983,0.0,3633.1444961803923,0.0,3219.485259254921,0.0,4322.208758987116,0.0
2025-01-16,2161.9853099982042,0.0,1860.1132239046196,0.0,2221.626710852861,0.0,2464.8349589102554,0.0,2117.999874874771,0.0,2651.7025254703435,0.0,3670.8833760800408,0.0,3315.41961943471,0.0,4318.742528732405,0.0
2025-01-17,2162.8801696228943,0.0,1835.4480829531929,0.0,2242.476480677215,0.0,2463.5896056799347,0.0,2089.915151440985,0.0,2676.5885187061244,0.0,3676.1278648522516,0.0,3271.45708469458,0.0,4359.273544683393,0.0
2025-01-20,2146.2980584349407,0.0,1832.164678047046,0.0,2247.836025521147,0.0,2448.408789828869,0.0,2086.176534301441,0.0,2682.98559636485,0.0,3657.892324269713,0.0,3265.6048253242943,0.0,4369.692259105156,0.0
2025-01-21,2146.5466009007077,0.0,1833.0035676857137,0.0,2237.218464160874,0.0,2446.9904264893585,0.0,2087.1317278492843,0.0,2670.312623837183,0.0,3646.4993825691076,0.0,3267.1000413847137,0.0,4349.052196769739,0.0
2025-01-22,2144.648004351833,0.0,1869.4477706087378,0.0,2252.9835025633606,0.0,2447.9250923500476,0.0,2128.628565912102,0.0,2689.1295528657147,0.0,3665.0141474823977,0.0,3332.0572836820506,0.0,4379.698723246626,0.0
2025-01-23,2117.2482529588656,0.0,1834.526239730268,0.0,2264.3610948557193,0.0,2412.796755483512,0.0,2088.8655035992742,0.0,2702.709687668757,0.0,3600.6890736038986,0.0,3269.814014225508,0.0,4401.816251572853,0.0
2025-01-24,2153.7108761587947,0.0,1849.5560187408373,0.0,2256.481817883199,0.0,2453.4731269851713,0.0,2105.979015645041,0.0,2693.3050930332824,0.0,3646.171694321295,0.0,3296.6027191102617,0.0,4386.499291081402,0.0
2025-01-31,2185.0482845939723,0.0,1828.8384626149661,0.0,2237.681090070208,0.0,2487.2932871818784,0.0,2082.389171371907,0.0,2670.864807642921,0.0,3671.450048693477,0.0,3259.6762615356693,0.0,4349.951520755974,0.0
2025-02-03,2165.1077696075367,0.0,1789.9968796492778,0.0,2255.0444804498916,0.0,2456.1499942615515,0.0,2038.1625797838005,0.0,2691.5895072045587,0.0,3633.5892099013217,0.0,3190.4459885827005,0.0,4383.705171677347,0.0
2025-02-04,2185.0073164934656,0.0,1793.4863892241851,0.0,2252.677152862596,0.0,2480.7852172159137,0.0,2042.1358760047233,0.0,2688.7638981536847,0.0,3656.5979000549296,0.0,3196.6656037965354,0.0,4379.103193189802,0.0
2025-02-05,2189.4183851700195,0.0,1816.5458658149892,0.0,2251.9065477442587,0.0,2485.0710755768605,0.0,2068.3923252930513,0.0,2687.8441146777063,0.0,3667.84127089819,0.0,3237.7662422525987,0.0,4377.605171455924,0.0
2025-02-06,2200.2877641936575,0.0,1839.4401033310553,0.0,2253.63954952631,0.0,2500.1628036481707,0.0,2094.4606267121417,0.0,2689.91260133195,0.0,3691.786699200287,0.0,3278.5723626851127,0.0,4380.974049072472,0.0
2025-02-07,2187.810385476055,0.0,1833.5588288801707,0.0,2236.2623704171233,0.0,2482.0580501340664,0.0,2087.7639706209984,0.0,2669.171443735906,0.0,3673.9608542250653,0.0,3268.089725149312,0.0,4347.193593480346,0.0
2025-02-10,2178.905864625947,0.0,1835.4805903472757,0.0,2267.630098010068,0.0,2471.561236894574,0.0,2089.9521656698585,0.0,2706.6115240473932,0.0,3660.6963616240278,0.0,3271.5150250665606,0.0,4408.1710468587935,0.0
2025-02-11,2197.9608789510326,0.0,1846.9374102981067,0.0,2271.5774829757765,0.0,2497.125758057313,0.0,2102.997362548458,0.0,2711.323067454501,0.0,3691.456614566748,0.0,3291.9353764479574,0.0,4415.844585912589,0.0
2025-02-12,2254.752102708171,0.0,1845.512219797741,0.0,2250.4044105679095,0.0,2560.2105630588685,0.0,2101.3745832129553,0.0,2686.0511847832877,0.0,3770.286717580836,0.0,3289.395152290835,0.0,4374.685084262249,0.0
2025-02-13,2275.2722458549547,0.0,1864.072256513912,0.0,2268.2466350755312,0.0,2583.8142653478726,0.0,2122.507788943306,0.0,2707.3474140533735,0.0,3812.838771690178,0.0,3322.476100845706,0.0,4409.369567218739,0.0
2025-02-14,2268.4567570425243,0.0,1874.5764525360698,0.0,2253.0265739475553,0.0,2576.292358280971,0.0,2134.468289828241,0.0,2689.1809622666233,0.0,3780.555552965872,0.0,3341.1985189924603,0.0,4379.7824520827035,0.0
2025-02-17,2262.4794707226188,0.0,1891.7041287986335,0.0,2247.1104220661914,0.0,2568.894806955687,0.0,2153.9705522253957,0.0,2682.1195262439815,0.0,3772.0060077739354,0.0,3371.726463843597,0.0,4368.281718583385,0.0
2025-02-18,2290.2384365529283,0.0,1892.7988094915552,0.0,2254.5350629655622,0.0,2596.7033183118315,0.0,2155.2169997753836,0.0,2690.9814736302787,0.0,3798.921101029509,0.0,3373.677595527243,0.0,4382.714886971231,0.0
2025-02-19,2321.788112541973,0.0,1933.4611807498788,0.0,2267.8532000135147,0.0,2634.0343379103306,0.0,2201.5168142869206,0.0,2706.8778154738907,0.0,3877.2615714246504,0.0,3446.1531963186794,0.0,4408.6047471315815,0.0
2025-02-20,2299.1507876044543,0.0,1925.9959936595321,0.0,2264.340767890631,0.0,2614.302942574559,0.0,2193.0166514365746,0.0,2702.6854256879315,0.0,3840.0418667590734,0.0,3432.8474322264638,0.0,4401.776736865824,0.0
2025-02-21,2295.516959670038,0.0,1922.8354818280022,0.0,2208.7500530067878,0.0,2604.9253876384087,0.0,2189.4179653040883,0.0,2636.3331270186377,0.0,3811.8575966935823,0.0,3427.214214420661,0.0,4293.710884308926,0.0
2025-02-24,2298.8683917589324,0.0,1917.3311963299195,0.0,2204.1017031559322,0.0,2607.4719240293107,0.0,2183.1505640263626,0.0,2630.7849217424914,0.0,3806.941274389348,0.0,3417.4035126328376,0.0,4284.674701006283,0.0
2025-02-25,2319.522750196815,0.0,1916.4660309558244,0.0,2195.9660694620216,0.0,2628.6623813533156,0.0,2182.165451867312,0.0,2621.074343314955,0.0,3820.287835487888,0.0,3415.8614633540806,0.0,4268.859394564187,0.0
2025-02-26,2272.1079929324724,0.0,1911.7229089012174,0.0,2183.9731752406133,0.0,2577.814346629438,0.0,2176.764741959403,0.0,2606.759792747457,0.0,3769.7592419052935,0.0,3407.4074403864847,0.0,4245.545746927721,0.0
2025-02-27,2283.348176987062,0.0,1897.5836422980026,0.0,2156.3505508893127,0.0,2596.6288313895557,0.0,2160.665203226182,0.0,2573.7898152104376,0.0,3793.3917747564215,0.0,3382.2059627031454,0.0,4191.848606018137,0.0
2025-02-28,2233.356276783338,0.0,1830.0073638557546,0.0,2209.733192970625,0.0,2540.53030024074,0.0,2083.720129428608,0.0,2637.5065891093946,0.0,3709.0206463258155,0.0,3261.759682080767,0.0,4295.622064235229,0.0
2025-03-04,2292.123546996976,0.0,1801.5205954674445,0.0,2126.9226306485184,0.0,2603.508800663227,0.0,2051.283946992693,0.0,2538.665061785098,0.0,3753.5209539094703,0.0,3210.985573496859,0.0,4134.642050994645,0.0
2025-03-05,2272.2139389014205,0.0,1804.273102519924,0.0,2121.065611539281,0.0,2579.0793938322686,0.0,2054.418062442131,0.0,2531.67420581104,0.0,3729.750045119511,0.0,3215.891573716172,0.0,4123.256268948051,0.0
2025-03-06,2258.5629295137537,0.0,1800.8937546566265,0.0,2051.000877308982,0.0,2569.932503443572,0.0,2050.5702007853024,0.0,2448.0459203761893,0.0,3714.72237085725,0.0,3209.868308001544,0.0,3987.0535729656276,0.0
2025-03-07,2264.1585411461842,0.0,1788.8887700417515,0.0,2063.8322864836973,0.0,2574.274798656856,0.0,2036.9008415304909,0.0,2463.361310647525,0.0,3714.3653882910785,0.0,3188.470921535134,0.0,4011.9972560045917,0.0
2025-03-10,2273.7014738362946,0.0,1782.0091536566797,0.0,1995.4247359572796,0.0,2581.2639311184616,0.0,2029.0674330822771,0.0,2381.7110164707387,0.0,3717.5063189695816,0.0,3176.208864126944,0.0,3879.016050700557,0.0
2025-03-11,2241.109425594205,0.0,1749.6859986515738,0.0,1982.705326370749,0.0,2550.187428693697,0.0,1992.2629862472265,0.0,2366.5293073391686,0.0,3674.828074711417,0.0,3118.5968753034867,0.0,3854.2900898299167,0.0
2025-03-12,2196.4738974904058,0.0,1770.4904637077918,0.0,1979.5720491083357,0.0,2498.5849869023805,0.0,2015.951788530676,0.0,2362.7894714841386,0.0,3637.6772395914154,0.0,3155.678237197383,0.0,3848.1991395809896,0.0
2025-03-13,2234.2485913630007,0.0,1776.9977423536673,0.0,1958.1930413314878,0.0,2533.425526838566,0.0,2023.3612382247154,0.0,2337.2717872408866,0.0,3680.6752635983953,0.0,3167.2766490652243,0.0,3806.6393088241252,0.0
2025-03-14,2240.754557828088,0.0,1771.489651499883,0.0,2004.2763646744536,0.0,2541.144956960946,0.0,2017.089504015641,0.0,2392.276196529654,0.0,3686.9937165061274,0.0,3157.4591647058946,0.0,3896.223219304833,0.0
2025-03-17,2304.803142921762,0.0,1803.0300882541137,0.0,2014.9740291754383,0.0,2711.0635581343504,100.0,2153.0027163085624,100.0,2505.0447790441326,100.0,3767.996326828653,0.0,3213.676055955671,0.0,3917.018998547502,0.0
2025-03-18,2323.691526927074,0.0,1806.0837528180787,0.0,1986.2764347402317,0.0,2727.630667286289,0.0,2156.649104765273,0.0,2469.367515679871,0.0,3780.0922080833334,0.0,3219.1188318450277,0.0,3861.2321640832806,0.0
2025-03-19,2338.0487505827996,0.0,1805.890929321883,0.0,2004.181762591338,0.0,2741.3180706724656,0.0,2156.418853748509,0.0,2491.62767754848,0.0,3796.636766398277,0.0,3218.775148033656,0.0,3896.039317104854,0.0
2025-03-20,2304.341802688421,0.0,1823.2786771579654,0.0,2003.4361777335969,0.0,2702.0286033667203,0.0,2177.1816067194386,0.0,2490.7007556982844,0.0,3761.9781564919404,0.0,3249.7666379992615,0.0,3894.589933633645,0.0
2025-03-21,2293.142134074018,0.0,1808.6343610781414,0.0,2014.2878349165403,0.0,2690.861892271451,0.0,2159.694792437336,0.0,2504.1916924431284,0.0,3758.767093363623,0.0,3223.664972670345,0.0,3915.685067732574,0.0
2025-03-24,2420.2647994655968,100.0,1905.8281349845738,100.0,2154.3230426086257,100.0,2816.970030699151,100.0,2256.343870874027,100.0,2653.9640401532606,100.0,3773.7317876952065,0.0,3218.663224966163,0.0,3993.5117130739377,0.0
2025-03-25,2381.4545647668574,0.0,1897.768126476336,0.0,2165.936299205022,0.0,2776.9558754040972,0.0,2246.801483256319,0.0,2668.270699269058,0.0,3732.842933338403,0.0,3205.051056847661,0.0,4015.039439105444,0.0
2025-03-26,2382.43641859112,0.0,1926.5281105867057,0.0,2143.269390992062,0.0,2784.3471406983463,0.0,2280.850940645819,0.0,2640.346772305065,0.0,3754.263910556947,0.0,3253.6224371874778,0.0,3973.0213379863017,0.0
2025-03-27,2336.1498732845457,0.0,1903.0814097492234,0.0,2146.61702757302,0.0,2728.5871786198577,0.0,2253.0919739500637,0.0,2644.470808918722,0.0,3684.260234845146,0.0,3214.024410299812,0.0,3979.226918873086,0.0
2025-03-28,2286.191771839396,0.0,1861.8152489940367,0.0,2091.9094250683,0.0,2668.4331190994913,0.0,2204.2362313018834,0.0,2577.0751552034303,0.0,3606.4294552718316,0.0,3144.3319382347295,0.0,3877.814341893802,0.0
2025-03-31,2250.287170536784,0.0,1792.8275893951857,0.0,2101.493894834029,0.0,2620.7570283661366,0.0,2122.5605124663703,0.0,2588.88250145517,0.0,3619.4134508331126,100.0,3127.8219346036294,100.0,3995.581265199183,100.0
2025-04-01,2307.1139261874787,0.0,1819.6163487226775,0.0,2108.41029880464,0.0,2687.105697765447,0.0,2154.2762017288724,0.0,2597.402991215586,0.0,3702.4873176956335,0.0,3174.558424783152,0.0,4008.731460017953,0.0
2025-04-02,2291.3734197849553,0.0,1814.6971302336588,0.0,2126.252136966616,0.0,2669.400637739263,0.0,2148.452251350851,0.0,2619.3827945949256,0.0,3671.816090011325,0.0,3165.976205510048,0.0,4042.6542396519785,0.0
2025-04-03,2277.6119639027806,0.0,1786.9934194133648,0.0,2000.5835416369657,0.0,2644.0931808288,0.0,2115.6533347211816,0.0,2464.5685321166243,0.0,3629.7214146157935,0.0,3117.643462927219,0.0,3803.719886163074,0.0
2025-04-04,2235.686407707798,0.0,1768.5652036403317,0.0,1860.4312241804516,0.0,2591.197241491761,0.0,2093.8358418699895,0.0,2291.91141277238,0.0,3565.167610959951,0.0,3085.4930331527944,0.0,3537.247556512208,0.0
2025-04-07,2115.0328603376893,0.0,1670.1058153147635,0.0,1867.1260637575342,0.0,2445.3086962942725,0.0,1977.2680185178592,0.0,2300.158951855775,0.0,3379.646263668563,0.0,2913.7177680386176,0.0,3549.9764897979358,0.0
2025-04-08,2155.063444443078,0.0,1671.9417358657313,0.0,1849.5304821581358,0.0,2491.6393461682346,0.0,1979.4415975549962,0.0,2278.482518049524,0.0,3433.80595689088,0.0,2916.9207712741068,0.0,3516.5219190463076,0.0
2025-04-09,2122.322836564292,0.0,1615.3925431035716,0.0,2031.6531594818716,0.0,2448.5780987345493,0.0,1912.4920011304444,0.0,2502.843965684766,0.0,3371.7077258156532,0.0,2818.2633172323144,0.0,3862.79271206239,0.0
2025-04-10,2246.9717848034934,0.0,1776.8863381651577,0.0,1947.6621693654474,0.0,2600.199029148898,0.0,2103.687381229262,0.0,2399.373379771179,0.0,3584.9151236548637,0.0,3100.0103393575246,0.0,3703.1002059934067,0.0
2025-04-11,2210.419889989701,0.0,1710.3173970807984,0.0,1928.5693067453547,0.0,2555.4108214936077,0.0,2024.8752263192475,0.0,2375.8524083035218,0.0,3514.0745712387734,0.0,2983.8721254441402,0.0,3666.7988470547034,0.0
2025-04-14,2229.035092107295,0.0,1753.4604093278292,0.0,1932.6354424533147,0.0,2578.0016155554003,0.0,2075.9530068744275,0.0,2380.8615818294397,0.0,3638.656903067866,100.0,3159.140746269335,100.0,3774.5298120108328,100.0
2025-04-15,2252.415431140242,0.0,1768.90606554833,0.0,1927.8124678291283,0.0,2601.794595847266,0.0,2094.239394353452,0.0,2374.9200396530796,0.0,3668.128380264457,0.0,3186.9685784002913,0.0,3765.1103110011363,0.0
2025-04-16,2254.7745876079107,0.0,1745.426880636483,0.0,1892.8058442745407,0.0,2600.2505244829076,0.0,2066.4419691835315,0.0,2331.7945110097253,0.0,3659.6854133390552,0.0,3144.6670531707364,0.0,3696.740694402934,0.0
2025-04-17,2267.7569902417627,0.0,1761.5078090091008,0.0,1878.1894117212614,0.0,2614.5582400867493,0.0,2085.4804666773325,0.0,2313.7881648747657,0.0,3676.372287163205,0.0,3173.6394301856526,0.0,3668.1940998379678,0.0
2025-04-18,2279.7428786138944,0.0,1770.7845017899622,0.0,1878.1894117212614,0.0,2627.3450200196407,0.0,2096.46330847395,0.0,2313.7881648747657,0.0,3695.5448239844745,0.0,3190.352883194766,0.0,3668.1940998379678,0.0
2025-04-21,2263.9519000029977,0.0,1774.3497154016275,0.0,1833.4835296470442,0.0,2612.879371138071,0.0,2100.684228363509,0.0,2258.7138788639563,0.0,3680.56898815399,0.0,3196.776188522819,0.0,3580.881365654035,0.0
2025-04-22,2267.0684937272995,0.0,1746.068478110007,0.0,1862.2340850241262,0.0,2611.3401264961694,0.0,2067.2015678589732,0.0,2294.1324018041455,0.0,3673.220646079285,0.0,3145.8229941378268,0.0,3637.032580724844,0.0
2025-04-23,2305.4815582714596,0.0,1789.0932591418327,0.0,1917.9999359506303,0.0,2661.020529520791,0.0,2118.139372372832,0.0,2362.8317380226717,0.0,3764.307234467938,0.0,3223.339052175921,0.0,3745.9459651068687,0.0
2025-04-24,2317.287451644075,0.0,1794.0548921571383,0.0,1962.5067491924997,0.0,2671.74232302806,0.0,2124.0135380639067,0.0,2417.6607861967605,0.0,3773.8623487717814,0.0,3232.2782314943156,0.0,3832.8699083032025,0.0
2025-04-25,2357.2053884256834,0.0,1799.4515890676967,0.0,1968.9390134023708,0.0,2721.1401684213374,0.0,2130.402783648846,0.0,2425.584852166501,0.0,3821.6261406769922,0.0,3242.001248344149,0.0,3845.4324291416224,0.0
2025-04-28,2369.608036754975,0.0,1796.657400243029,0.0,1974.6846747338766,0.0,2732.5567691570773,0.0,2127.0946937361873,0.0,2432.663075004545,0.0,3833.0131877115628,0.0,3236.967068090167,0.0,3856.6539815922797,0.0
2025-04-29,2325.606684410146,0.0,1799.7220937340694,0.0,1975.6289963539555,0.0,2682.2900143133184,0.0,2130.7230389409206,0.0,2433.8264082523724,0.0,3787.171751020074,0.0,3242.488605976547,0.0,3858.4982870566287,0.0
2025-04-30,2337.112648815552,0.0,1802.5979419972437,0.0,1979.8626930123335,0.0,2692.270094741924,0.0,2134.1278069171417,0.0,2439.0420042730357,0.0,3783.5653032564287,0.0,3247.6699088334303,0.0,3866.76689990571,0.0
2025-05-02,2363.4611067968394,0.0,1814.6650864474116,0.0,2040.1079600118478,0.0,2726.5316741022875,0.0,2148.414314141629,0.0,2513.2596443594257,0.0,3832.489128994424,0.0,3269.4108090105024,0.0,3984.4287989514805,0.0
2025-05-07,2391.6576609292006,0.0,1896.8995238416944,0.0,2011.6772696607554,0.0,2755.8929779461837,0.0,2245.773129127779,0.0,2478.2351710858325,0.0,3860.877733815918,0.0,3417.569364822094,0.0,3928.902295634319,0.0
2025-05-08,2405.7607842814464,0.0,1876.4927100974135,0.0,2032.2423959003831,0.0,2772.092570329018,0.0,2221.613138900566,0.0,2503.5698606573164,0.0,3883.6053656526433,0.0,3380.803210047148,0.0,3969.066974587275,0.0
2025-05-09,2445.752439568526,0.0,1879.7537417888439,0.0,2044.4769624386636,0.0,2817.1747249866007,0.0,2225.4739323974277,0.0,2518.641926915375,0.0,3928.1664011119556,0.0,3386.6784827573097,0.0,3992.9616704628447,0.0
2025-05-12,2384.257701122703,0.0,1912.5858916618856,0.0,2111.022663289653,0.0,2857.075063372604,100.0,2364.3444993566327,100.0,2700.621227880131,100.0,3888.25975553079,0.0,3445.830877587432,0.0,4122.928619327429,0.0
2025-05-13,2415.2826523154827,0.0,1907.9777706673729,0.0,2150.6396635085107,0.0,2896.0689285464246,0.0,2358.6479261604986,0.0,2751.3030673679423,0.0,3936.7111649749113,0.0,3437.528606991494,0.0,4200.302522912006,0.0
2025-05-14,2414.6981449739746,0.0,1915.997801467751,0.0,2136.0660110833837,0.0,2899.0303867072325,0.0,2368.562312641238,0.0,2732.6590633070327,0.0,3941.806235832574,0.0,3451.9779814701133,0.0,4171.839479991352,0.0
2025-05-15,2419.1206873763986,0.0,1914.3975918749502,0.0,2147.1952851712567,0.0,2897.491408582722,0.0,2366.584128673108,0.0,2746.8966905837433,0.0,3929.522567511128,0.0,3449.094946700525,0.0,4193.575486642142,0.0
2025-05-16,2444.587111521252,0.0,1930.720964430597,0.0,2158.717794337037,0.0,2925.6260165734398,0.0,2386.7631314991495,0.0,2761.637381620692,0.0,3961.0539036454084,0.0,3478.5041258771716,0.0,4216.079500280739,0.0
2025-05-19,2405.344761704828,0.0,1912.8436740581872,0.0,2162.0708335091426,0.0,2878.135683915004,0.0,2364.6631707393844,0.0,2765.9269086464183,0.0,3910.328206091729,0.0,3446.2953140055542,0.0,4222.628146775541,0.0
2025-05-20,2383.933743295638,0.0,1916.9825275498843,0.0,2146.0027108397694,0.0,2855.147091585785,0.0,2369.7796340205364,0.0,2745.371035927615,0.0,3884.2931706049903,0.0,3453.7521237737733,0.0,4191.246331712889,0.0
2025-05-21,2419.886882628504,0.0,1919.38116742121,0.0,2099.6497863272616,0.0,2893.4420593257987,0.0,2372.7448399286372,0.0,2686.0719606075377,0.0,3925.5394884731877,0.0,3458.073659015071,0.0,4100.71684456644,0.0
2025-05-22,2377.3928875983065,0.0,1914.7627379050164,0.0,2092.4642530694978,0.0,2843.5289930382232,0.0,2367.035523306631,0.0,2676.8795421711975,0.0,3857.2964824959067,0.0,3449.752815960522,0.0,4086.6831531102825,0.0
2025-05-23,2388.2137155567166,0.0,1911.558574604745,0.0,2087.270911784842,0.0,2859.3059438401924,0.0,2363.074526884424,0.0,2670.235725427368,0.0,3884.511968414185,0.0,3443.9800007970093,0.0,4076.5403082300318,0.0
2025-05-26,2444.717948325363,0.0,1958.0812734097008,0.0,2070.5752929189284,0.0,2920.470509869015,0.0,2420.5860287177593,0.0,2648.877099816206,0.0,3977.2136901770773,0.0,3527.798119894145,0.0,4043.9329629671483,0.0
2025-05-27,2457.1111288567936,0.0,1945.273872076133,0.0,2110.715273485126,0.0,2928.447529253509,0.0,2404.7534802157084,0.0,2700.2279855688207,0.0,4021.885186200148,0.0,3504.7235279663987,0.0,4122.328272280279,0.0
2025-05-28,2454.149455390668,0.0,1968.8489106185928,0.0,2108.015478483782,0.0,2931.5514641310674,0.0,2433.897014601792,0.0,2696.7741506961092,0.0,4034.7234585199762,0.0,3547.1977489172473,0.0,4117.055443015617,0.0
2025-05-29,2520.889813983169,0.0,2026.3142435272925,0.0,2135.8195853181896,0.0,3006.932938161426,0.0,2504.935834013099,0.0,2732.3438120005676,0.0,4146.275449534203,0.0,3650.730782069331,0.0,4171.358198640125,0.0
2025-05-30,2474.0723594437236,0.0,1988.2735236622432,0.0,2106.300309053642,0.0,2946.5075577860675,0.0,2457.9097803563163,0.0,2694.579942621987,0.0,4057.5426982878253,0.0,3582.194311269193,0.0,4113.705634766994,0.0
2025-06-02,2488.5878933748622,0.0,1976.9178040500326,0.0,2122.840804529161,0.0,2962.5019590613497,0.0,2443.87180521574,0.0,2715.7401196194382,0.0,4083.141914065396,0.0,3561.7351572790003,0.0,4146.010016600394,0.0
2025-06-04,2510.5009712591846,0.0,2030.2805908961536,0.0,2128.5332413395754,0.0,2991.761875030639,0.0,2509.8390447002566,0.0,2723.0224268897045,0.0,4123.246731015373,0.0,3657.8767943318094,0.0,4157.127619005854,0.0
2025-06-05,2528.486201384622,0.0,2078.789693344694,0.0,2111.2775605543666,0.0,3015.234686290214,0.0,2569.8061447625055,0.0,2700.94731673554,0.0,4158.292156324804,0.0,3745.273738850724,0.0,4123.426445923966,0.0
2025-06-09,2539.543673702223,0.0,2116.692408946555,0.0,2137.538511142468,0.0,3028.4285587456434,0.0,2616.6615971291812,0.0,2734.542825611802,0.0,4204.338773698125,0.0,3813.56157279047,0.0,4174.71534330686,0.0
2025-06-10,2620.6811892737524,0.0,2133.2281286244342,0.0,2145.856709323038,0.0,3115.161763202906,0.0,2637.103104113908,0.0,2745.18425688339,0.0,4300.978250160029,0.0,3843.3533294365766,0.0,4190.9611837406455,0.0
2025-06-11,2660.1059776768407,0.0,2141.723564901565,0.0,2137.9760493109447,0.0,3160.3366662417084,0.0,2647.605188291689,0.0,2735.102566104571,0.0,4360.352279056178,0.0,3858.659223289467,0.0,4175.569876357704,0.0
2025-06-12,2662.6767140466563,0.0,2135.026015737456,0.0,2133.068626734186,0.0,3161.134915308344,0.0,2639.3256576340764,0.0,2728.8245238005056,0.0,4371.025228795912,0.0,3846.5925120298784,0.0,4165.985444441979,0.0
2025-06-13,2657.263680646495,0.0,2124.594289201508,0.0,2092.6888451974833,0.0,3147.0174800416034,0.0,2626.4299255461283,0.0,2677.1668618096837,0.0,4327.74297489232,0.0,3827.7980800721675,0.0,4087.1217923197282,0.0
2025-06-16,2781.977720653006,0.0,2146.5337037554687,0.0,2120.5636711989036,0.0,3280.9291381941757,0.0,2653.5514965803513,0.0,2712.8269938073154,0.0,4590.810322536554,100.0,3967.3254615277206,100.0,4241.562665872898,100.0
2025-06-17,2803.090769593259,0.0,2161.8339870634836,0.0,2103.415338351819,0.0,3306.036016484766,0.0,2672.4657533651643,0.0,2690.8892133585623,0.0,4607.891916327148,0.0,3995.6041712587976,0.0,4207.262479854417,0.0
2025-06-18,2860.119871154662,0.0,2154.8480368221776,0.0,2115.6824166336305,0.0,3371.209137611252,0.0,2663.8297004183037,0.0,2706.5824281155756,0.0,4687.470017327196,0.0,3982.692406483425,0.0,4231.799154685809,0.0
2025-06-19,2874.1400714795714,0.0,2175.201306415575,0.0,2116.629944758618,0.0,3382.204422255764,0.0,2688.990474225569,0.0,2707.7945963280977,0.0,4713.738961026845,0.0,4020.310285271888,0.0,4233.694405450687,0.0
2025-06-20,2864.932497469445,0.0,2194.0247548260645,0.0,2105.1876469015224,0.0,3382.315491129434,0.0,2712.2600784312094,0.0,2693.1565192359058,0.0,4727.523910626917,0.0,4055.1006759478105,0.0,4210.807460785161,0.0
2025-06-23,2863.346492828691,0.0,2199.6125662603777,0.0,2128.184358960519,0.0,3380.1975438006903,0.0,2719.1677479302675,0.0,2722.5761033256344,0.0,4721.057549232947,0.0,4065.4283342271956,0.0,4256.805605821816,0.0
2025-06-24,2838.9140904909423,0.0,2257.9238608643395,0.0,2133.481443938728,0.0,3365.891721817477,0.0,2791.2523477635564,0.0,2729.3526388819805,0.0,4720.92751490228,0.0,4173.202036253025,0.0,4267.40086319922,0.0
2025-06-25,2785.453957609489,0.0,2272.3219651848185,0.0,2132.250453880641,0.0,3309.210563300095,0.0,2809.051328138606,0.0,2727.7778391699785,0.0,4670.479585177346,0.0,4199.813295963706,0.0,4264.938630377185,0.0
2025-06-26,2744.338937740684,0.0,2232.2114346907665,0.0,2135.782255273463,0.0,3267.334214394558,0.0,2759.4665682837244,0.0,2732.296055852337,0.0,4599.422441914685,0.0,4125.679109938102,0.0,4272.00295819461,0.0
2025-06-27,2726.643803511306,0.0,2220.472889571827,0.0,2144.838450790942,0.0,3241.1326831966653,0.0,2744.9553430867754,0.0,2743.8816035982927,0.0,4559.5250437564655,0.0,4103.983373761129,0.0,4290.117208345877,0.0
2025-06-30,2725.033411422329,0.0,2207.54429047613,0.0,2148.6177512200184,0.0,3243.134104757709,0.0,2728.9729695423707,0.0,2748.7164446176657,0.0,4664.904352252293,100.0,4180.088123346702,100.0,4397.676585044066,100.0
2025-07-01,2727.1223439654623,0.0,2233.916552362385,0.0,2137.040524821993,0.0,3243.285012185366,0.0,2761.5744399381297,0.0,2733.9057540863955,0.0,4652.244983405713,0.0,4230.025231821544,0.0,4373.980933539074,0.0
2025-07-02,2703.5370529437905,0.0,2208.2975299734744,0.0,2143.3882845787234,0.0,3216.430455705675,0.0,2729.904126501129,0.0,2742.0264128773324,0.0,4606.307382769618,0.0,4181.514417482892,0.0,4386.97319073969,0.0
2025-07-03,2687.829045735134,0.0,2240.283921077646,0.0,2161.2501632542253,0.0,3204.963237206121,0.0,2769.445800520122,0.0,2764.877029102224,0.0,4623.202029092066,0.0,4242.082141600642,0.0,4423.531934411778,0.0
2025-07-04,2608.9565655473584,0.0,2197.271244287967,0.0,2166.5292760219163,0.0,3115.3086387385047,0.0,2716.2733985832265,0.0,2771.6305728953457,0.0,4500.411554239911,0.0,4160.635631024354,0.0,4434.336941768299,0.0
2025-07-07,2733.8112904306226,100.0,2291.035206529304,100.0,2248.688199416366,100.0,3235.797871903933,100.0,2808.564389729426,100.0,2848.806568659359,100.0,4518.507190195724,0.0,4148.827402539794,0.0,4397.820774667074,0.0
2025-07-08,2796.320095887383,0.0,2320.1850687287138,0.0,2255.929223381161,0.0,3304.3067590298474,0.0,2844.2990064238616,0.0,2857.980039948124,0.0,4613.758223688361,0.0,4201.614782990563,0.0,4411.9822425088605,0.0
2025-07-09,2855.6662973968855,0.0,2343.964803106302,0.0,2271.7746432418226,0.0,3367.002221744444,0.0,2873.450420151499,0.0,2878.0542041625904,0.0,4688.317855874155,0.0,4244.677418313533,0.0,4442.971561821616,0.0
2025-07-10,2885.2139030901544,0.0,2374.962558410204,0.0,2276.899337816613,0.0,3402.613693691933,0.0,2911.4503563637286,0.0,2884.5465509320647,0.0,4735.593896880821,0.0,4300.811141730588,0.0,4452.994066618273,0.0
2025-07-11,2854.736969099924,0.0,2375.773538950937,0.0,2274.405220659936,0.0,3372.592512050349,0.0,2912.4445318617627,0.0,2881.386816585261,0.0,4699.3088506595095,0.0,4302.279743470418,0.0,4448.116253745446,0.0
2025-07-14,2903.3417490399866,0.0,2390.0226762905486,0.0,2282.771753754773,0.0,3429.722333914598,0.0,2929.9124518668086,0.0,2891.986167106007,0.0,4842.227720368025,100.0,4428.083454949251,100.0,4564.4789104561305,100.0
2025-07-15,2923.5067627582926,0.0,2396.4871866513236,0.0,2276.097023095187,0.0,3452.3500815954285,0.0,2937.8372509028795,0.0,2883.5301185742464,0.0,4897.320114006629,0.0,4440.060492513315,0.0,4551.132561974928,0.0
2025-07-16,2922.8390592888068,0.0,2379.3551447110835,0.0,2295.2959395888856,0.0,3451.025201549021,0.0,2916.835197866078,0.0,2907.852743397282,0.0,4889.947615523593,0.0,4408.3193244408785,0.0,4589.521441325199,0.0
2025-07-17,2964.746904449471,0.0,2380.584956824243,0.0,2303.713273139908,0.0,3492.1646981536574,0.0,2918.3428161240745,0.0,2918.5164517393155,0.0,4936.035603006789,0.0,4410.597842852021,0.0,4606.352182906225,0.0
2025-07-18,2941.955200669823,0.0,2370.189325927502,0.0,2306.0439565025554,0.0,3468.050676912715,0.0,2905.5988833105816,0.0,2921.469135919674,0.0,4925.919673731364,0.0,4391.337472800193,0.0,4611.012462690333,0.0
2025-07-21,2959.9529530388213,0.0,2385.6941154140613,0.0,2307.38424516032,0.0,3586.2829786813927,100.0,3024.606098694307,100.0,3023.16711393776,100.0,4943.6139785312,0.0,4420.063770035356,0.0,4613.692414946719,0.0
2025-07-22,2912.5940196909273,0.0,2357.311908122766,0.0,2295.1263135054132,0.0,3530.930879690081,0.0,2988.6228614833794,0.0,3007.1066004182903,0.0,4861.654051808415,0.0,4367.479004305608,0.0,4589.182268265342,0.0
2025-07-23,2903.5326091335514,0.0,2362.084952956231,0.0,2305.8543974038553,0.0,3516.9455824689244,0.0,2994.6741739376316,0.0,3021.1626860075726,0.0,4848.223954432451,0.0,4376.3222010946865,0.0,4610.633432896015,0.0
2025-07-24,2882.015189904628,0.0,2370.393888101809,0.0,2299.7398651204617,0.0,3493.38998399004,0.0,3005.2083223653767,0.0,3013.1513402791625,0.0,4843.522882562955,0.0,4391.716472710337,0.0,4598.407219912196,0.0
2025-07-25,2913.3269546126553,0.0,2381.1985356476803,0.0,2313.0171245277934,0.0,3524.798529814775,0.0,3018.906559138624,0.0,3030.547391278322,0.0,4872.0118368024505,0.0,4411.7346430436355,0.0,4624.955546723116,0.0
2025-07-28,3034.9348276675687,100.0,2472.4530450075927,100.0,2412.300638654299,100.0,3650.6488149388347,100.0,3107.8189414280473,100.0,3129.608641464591,100.0,5001.545037492455,100.0,4495.531548908608,100.0,4723.522909117614,100.0
2025-07-29,3087.841058764653,0.0,2513.0051278461347,0.0,2439.146093870061,0.0,3714.6095660535643,0.0,3158.792015078307,0.0,3164.4367086138695,0.0,5081.967941781776,0.0,4569.265271837231,0.0,4776.088961907817,0.0
2025-07-30,3098.6770616697245,0.0,2540.5940437570366,0.0,2445.736006556979,0.0,3737.1789108877574,0.0,3193.4706738356476,0.0,3172.9861602705178,0.0,5115.6070471508,0.0,4619.428749007439,0.0,4788.992661822729,0.0
2025-07-31,3174.2032793969165,0.0,2553.767732190268,0.0,2462.4824946996146,0.0,3828.538700761954,0.0,3210.029709617516,0.0,3194.712288915334,0.0,5230.316326631619,0.0,4643.381774965472,0.0,4821.78393962678,0.0
2025-08-01,3115.2881942768972,0.0,2457.586358709763,0.0,2423.3118485806344,0.0,3754.082029634074,0.0,3089.1318446736896,0.0,3143.8940821705487,0.0,5100.748020288538,0.0,4468.500233828804,0.0,4745.083945710949,0.0
2025-08-04,3081.6345338467618,0.0,2447.378488294946,0.0,2425.5495614280803,0.0,3719.6478472857025,0.0,3076.3007767224217,0.0,3146.7971885878273,0.0,5068.726543120167,0.0,4449.939799045364,0.0,4749.465608481155,0.0
2025-08-05,3128.0536538294887,0.0,2498.8411926754334,0.0,2413.783418754756,0.0,3772.6772278863846,0.0,3140.9882609898127,0.0,3131.5323326253956,0.0,5149.913909253985,0.0,4543.511732232039,0.0,4726.426339005856,0.0
2025-08-06,3122.974390148286,0.0,2494.630625819556,0.0,2433.31462087689,0.0,3764.6913548224315,0.0,3135.695671326576,0.0,3156.8712219662034,0.0,5165.972080918697,0.0,4535.8558796051875,0.0,4764.670361823,0.0
2025-08-07,3118.402372329498,0.0,2503.493588805434,0.0,2413.7657738296066,0.0,3756.928866218452,0.0,3146.83622030497,0.0,3131.5094409056233,0.0,5151.553912254049,0.0,4551.970939828587,0.0,4726.391788499655,0.0
2025-08-08,3086.953739595246,0.0,2485.8720792929116,0.0,2429.7784315486197,0.0,3724.764721251113,0.0,3124.686371534272,0.0,3152.2835314842314,0.0,5114.156906053169,0.0,4519.930674346945,0.0,4757.746153855132,0.0
2025-08-11,3019.2300782165635,0.0,2484.3865333939666,0.0,2430.948224408101,0.0,3657.0445642806353,0.0,3122.8190731067343,0.0,3153.8011672975676,0.0,5158.623288102202,100.0,4617.229584241495,100.0,4860.036723812351,100.0
2025-08-12,3006.6735057566093,0.0,2474.070257650556,0.0,2463.0667558153787,0.0,3635.677344909244,0.0,3109.851742048576,0.0,3195.470282594674,0.0,5131.097653617236,0.0,4598.056797349675,0.0,4924.249215294886,0.0
2025-08-13,3030.6441069790612,0.0,2500.2992448560117,0.0,2459.093503430971,0.0,3665.5012928726546,0.0,3142.821000419806,0.0,3190.315566471107,0.0,5170.984075382817,0.0,4646.803340635868,0.0,4916.305750145234,0.0
2025-08-14,3029.3445549530807,0.0,2501.441849869811,0.0,2451.7979712011534,0.0,3658.491435339334,0.0,3144.2572297191355,0.0,3180.8506762560723,0.0,5178.1676046460125,0.0,4648.926870771741,0.0,4901.720266916646,0.0
2025-08-18,3020.2431179790187,0.0,2448.9109504023554,0.0,2446.8426589506334,0.0,3647.3426779655324,0.0,3078.2270477891443,0.0,3174.421880528093,0.0,5149.251479396376,0.0,4551.298253063607,0.0,4891.813433330609,0.0
2025-08-19,2980.336043713589,0.0,2438.929662562731,0.0,2441.545419990378,0.0,3604.9720613062304,0.0,3065.680789137048,0.0,3167.5494847079904,0.0,5088.2086595502105,0.0,4532.7480408150395,0.0,4881.223007906011,0.0
2025-08-20,2980.802945175479,0.0,2419.955079808137,0.0,2440.456499894839,0.0,3596.606130719753,0.0,3041.830157146485,0.0,3166.1367695238814,0.0,5055.755401661862,0.0,4497.48380005961,0.0,4879.04600076103,0.0
2025-08-21,3028.246413341452,0.0,2417.3612577854997,0.0,2428.74178808456,0.0,3643.971701025038,0.0,3038.5697800772737,0.0,3150.93863761352,0.0,5104.7146603126885,0.0,4492.663184741424,0.0,4855.625539134087,0.0
2025-08-22,3082.786276984578,0.0,2441.534131809514,0.0,2474.2570696870175,0.0,3708.1893510023983,0.0,3068.954549532159,0.0,3209.988084576817,0.0,5184.067660103618,0.0,4537.588443987353,0.0,4946.621282219674,0.0
2025-08-25,3080.717632488844,0.0,2482.489041333575,0.0,2443.0566890325676,0.0,3714.8270286348406,0.0,3120.4339674407643,0.0,3169.5101361202683,0.0,5215.201486283613,0.0,4613.703097376694,0.0,4884.244389838731,0.0
2025-08-26,3063.301816379381,0.0,2467.2016934185112,0.0,2472.5328688117315,0.0,3700.956199889377,0.0,3101.2181083122887,0.0,3207.7511851321747,0.0,5213.17236964463,0.0,4585.29157843258,0.0,4943.174199517961,0.0
2025-08-27,3090.989715555083,0.0,2460.121951385152,0.0,2473.703650770706,0.0,3729.8964779794255,0.0,3092.319028737805,0.0,3209.2701041580076,0.0,5251.901069669086,0.0,4572.133885808733,0.0,4945.514867763818,0.0
2025-08-28,3099.867928159992,0.0,2467.507570144268,0.0,2480.6434674011894,0.0,3738.274645421415,0.0,3101.6025886096872,0.0,3218.2735052055045,0.0,5249.490321632525,0.0,4585.860049984132,0.0,4959.389191923428,0.0
2025-08-29,3125.563762246405,0.0,2467.2465518197455,0.0,2458.755631672735,0.0,3763.614740416945,0.0,3101.2744943331754,0.0,3189.877227087807,0.0,5257.186800740009,0.0,4585.374947720931,0.0,4915.630265107554,0.0
2025-09-01,3116.8766886825615,0.0,2423.996477024424,0.0,2456.601418112118,0.0,3743.1410592758816,0.0,3046.9101043042174,0.0,3187.0824488305548,0.0,5208.063354269401,0.0,4504.994732250674,0.0,4911.323486003658,0.0
2025-09-02,3170.4867695029307,0.0,2434.465302132,0.0,2433.379673174054,0.0,3798.199569020465,0.0,3060.069186548273,0.0,3156.9556178445982,0.0,5271.674309943003,0.0,4524.451031964598,0.0,4864.897761236329,0.0
2025-09-03,3177.0783914304307,0.0,2457.6291140254143,0.0,2463.3643476506404,0.0,3810.837634655618,0.0,3089.185587162388,0.0,3195.856364646115,0.0,5307.324789056881,0.0,4567.500950373214,0.0,4924.844171301583,0.0
2025-09-04,3180.973746979811,0.0,2473.8831898403455,0.0,2478.748923195824,0.0,3817.6758975125804,0.0,3109.616601937391,0.0,3215.8156101066347,0.0,5307.457507881655,0.0,4597.709132034334,0.0,4955.601552877681,0.0
2025-09-05,3169.876603241223,0.0,2473.6244634594927,0.0,2472.3194031857647,0.0,3800.093564098449,0.0,3109.2913885835173,0.0,3207.4742445813267,0.0,5303.567428181594,0.0,4597.228289345871,0.0,4942.747431571587,0.0
2025-09-08,3161.2330432737735,0.0,2484.548788378424,0.0,2466.489864562469,0.0,3804.0601862121403,0.0,3123.0230240432575,0.0,3199.911267496764,0.0,5299.261356697311,0.0,4617.531134948021,0.0,4931.092814041016,0.0
2025-09-09,3130.244159834748,0.0,2503.428578150352,0.0,2460.435712163349,0.0,3776.039251299737,0.0,3146.7545033455053,0.0,3192.0568867610364,0.0,5275.307558707497,0.0,4652.619203051546,0.0,4918.989140792917,0.0
2025-09-10,3191.174273661425,0.0,2556.8797454171313,0.0,2481.5460718256463,0.0,3844.5440417245604,0.0,3213.9414416004342,0.0,3219.4445029498743,0.0,5369.008848010875,0.0,4751.958137431961,0.0,4961.193710261538,0.0
2025-09-11,3233.257283039686,0.0,2579.709599165082,0.0,2502.0218920491056,0.0,3898.0668272894445,0.0,3242.638064191985,0.0,3246.008896660005,0.0,5447.433608509545,0.0,4794.387395002015,0.0,5002.129686288104,0.0
2025-09-12,3231.3020708976414,0.0,2607.999794469741,0.0,2494.5105416880847,0.0,3892.22177004903,0.0,3278.1982156788044,0.0,3236.2640138613037,0.0,5448.70811922662,0.0,4846.964691227412,0.0,4987.112731902384,0.0
2025-09-15,3213.7478944718614,0.0,2610.9903750740523,0.0,2509.5569187704054,0.0,3881.5273718821973,0.0,3281.957309533676,0.0,3255.784496086867,0.0,5436.634531113248,0.0,4852.5226819243835,0.0,5017.193975281482,0.0
2025-09-16,3246.7969036952063,0.0,2651.5757777502427,0.0,2498.16662223467,0.0,3919.339604146168,0.0,3332.9722654849065,0.0,3241.0072457326287,0.0,5471.558105228575,0.0,4927.9506072516315,0.0,4994.422096019321,0.0
2025-09-17,3209.707009801124,0.0,2613.8471550388235,0.0,2472.4333264399443,0.0,3876.146671908856,0.0,3285.548218935953,0.0,3207.62204340666,0.0,5391.441555052872,0.0,4857.832004282926,0.0,4942.975190926332,0.0
2025-09-18,3229.314945491499,0.0,2658.6014419038843,0.0,2493.4515856759017,0.0,3907.065692874972,0.0,3341.8033703574083,0.0,3234.8901727100165,0.0,5438.703060856664,0.0,4941.007796196712,0.0,4984.995630000979,0.0
2025-09-22,3252.517561998787,0.0,2650.813680402137,0.0,2536.830986153206,0.0,3941.0089735292,0.0,3332.0143259283036,0.0,3291.168625080307,0.0,5513.589779001358,0.0,4926.53425018543,0.0,5071.721244828911,0.0
2025-09-23,3250.4825530573867,0.0,2662.7848478007795,0.0,2509.311362731758,0.0,3932.2744067142676,0.0,3347.061819294308,0.0,3255.4659229006725,0.0,5504.124000315137,0.0,4948.782651361318,0.0,5016.703051059569,0.0
2025-09-24,3252.766313701711,0.0,2644.366795812111,0.0,2498.4935452514487,0.0,3939.135221901944,0.0,3323.9107342008333,0.0,3241.4313807189606,0.0,5489.118850423335,0.0,4914.552722409801,0.0,4995.075691950098,0.0
2025-09-25,3247.6917958816093,0.0,2636.9366764312217,0.0,2501.746272109242,0.0,3932.2509706426176,0.0,3314.5712380289538,0.0,3245.651319941857,0.0,5477.005990659364,0.0,4900.743853878776,0.0,5001.578657263255,0.0
2025-09-26,3203.080658737135,0.0,2580.6951150388613,0.0,2533.7500441048055,0.0,3878.0959855766223,0.0,3243.8768359073038,0.0,3287.1715516210443,0.0,5390.536156681525,0.0,4796.218975147452,0.0,5065.561717715655,0.0
2025-09-29,3231.8085739233693,0.0,2605.3460499021203,0.0,2531.003047163737,0.0,3913.7885298551805,0.0,3274.86251729229,0.0,3283.6077232875905,0.0,5637.232268138895,200.0,5042.03270992662,200.0,5260.06982534224,200.0
2025-09-30,3249.4034615298815,0.0,2612.578090701185,0.0,2535.5100813577533,0.0,3923.242514140528,0.0,3283.9530330559355,0.0,3289.454943544863,0.0,5634.35825413125,0.0,5056.028618942152,0.0,5269.436591847045,0.0
2025-10-01,3276.712949331885,0.0,2628.238236129403,0.0,2543.1948680092764,0.0,3954.3256072875547,0.0,3303.6374904354625,0.0,3299.424834663341,0.0,5684.895809585832,0.0,5086.335136379346,0.0,5285.407538395357,0.0
2025-10-02,3305.0119472336883,0.0,2702.2293552941414,0.0,2546.512466662118,0.0,3995.7459454835816,0.0,3396.6426951660246,0.0,3303.728935589433,0.0,5762.361944242267,0.0,5229.527493911546,0.0,5292.30235449839,0.0
2025-10-10,3346.238300195198,0.0,2750.1769499312063,0.0,2520.878047726209,0.0,4048.463474609239,0.0,3456.9117640204854,0.0,3270.4720115828554,0.0,5881.556262005056,0.0,5322.3187530732475,0.0,5239.027494285931,0.0
2025-10-13,3273.8331509398977,0.0,2707.5477310283504,0.0,2551.6245130324155,0.0,3970.703897718581,0.0,3403.3277761538243,0.0,3310.361071003937,0.0,5791.914425099693,0.0,5239.819955604523,0.0,5302.926490604541,0.0
2025-10-14,3204.329035368871,0.0,2704.244765098146,0.0,2556.343033886859,0.0,3899.4731450069257,0.0,3399.176020834747,0.0,3316.482664392576,0.0,5705.417978852094,0.0,5233.427844176374,0.0,5312.732780326128,0.0
2025-10-15,3262.033786177378,0.0,2761.742535141779,0.0,2559.851225367786,0.0,3973.0757874305395,0.0,3471.4494495222175,0.0,3321.0340317465007,0.0,5821.084562357043,0.0,5344.701215066481,0.0,5320.023696933686,0.0
2025-10-16,3307.2300941763533,0.0,2838.368152441116,0.0,2532.8020346392955,0.0,4029.3726415212004,0.0,3567.7661602975127,0.0,3285.941647450764,0.0,5901.124168150028,0.0,5492.992022291913,0.0,5263.8085801204925,0.0
2025-10-17,3261.7045311348866,0.0,2834.557460763885,0.0,2535.57953307969,0.0,3982.9314344504683,0.0,3562.976204913586,0.0,3289.5450470359674,0.0,5825.245374124869,0.0,5485.617327446764,0.0,5269.580930237821,0.0
2025-10-20,3434.5452087175486,100.0,2986.540046688719,100.0,2671.2127977810624,100.0,4172.7893869362615,100.0,3728.3171688149305,100.0,3435.774016736535,100.0,5954.528839673025,0.0,5586.217360440242,0.0,5343.635942002488,0.0
2025-10-21,3482.037634552778,0.0,2997.054172118246,0.0,2674.16234843898,0.0,4219.677783630974,0.0,3741.4427233834817,0.0,3439.5677951730345,0.0,6021.583512279562,0.0,5605.88365959782,0.0,5349.5363797817245,0.0
2025-10-22,3601.355194871963,0.0,3032.0188930432314,0.0,2670.3581393440863,0.0,4357.909970764029,0.0,3785.0917511177604,0.0,3434.6747358206208,0.0,6182.608765306568,0.0,5671.283931477872,0.0,5341.926237876424,0.0
2025-10-23,3591.952613332823,0.0,3000.881793691701,0.0,2684.3235547924405,0.0,4350.087336078751,0.0,3746.2210243621894,0.0,3452.637367465035,0.0,6171.408543234528,0.0,5613.043090159129,0.0,5369.863396607026,0.0
2025-10-24,3608.80757108724,0.0,3061.6399136201944,0.0,2704.0307213461397,0.0,4379.459101396618,0.0,3822.0698454504836,0.0,3477.9851686005136,0.0,6247.412529091358,0.0,5726.689001155223,0.0,5409.286659178563,0.0
2025-10-27,3711.892789198471,0.0,3134.1270836560852,0.0,2732.7217102072227,0.0,4592.688156980296,100.0,4012.560900764896,100.0,3614.8881641706425,100.0,6521.14097041241,100.0,5962.273684880671,100.0,5566.681637001758,100.0
2025-10-28,3673.2698047268245,0.0,3116.6552544077454,0.0,2735.2630665236975,0.0,4555.066854787529,0.0,3990.192063434616,0.0,3618.249911118768,0.0,6483.438169532322,0.0,5929.0357768528365,0.0,5571.858498402301,0.0
2025-10-29,3702.232213035054,0.0,3181.0822931137154,0.0,2735.1420235563633,0.0,4607.770543264398,0.0,4072.6767264885693,0.0,3618.0897935376993,0.0,6561.050341839528,0.0,6051.599931789174,0.0,5571.611928229777,0.0
2025-10-30,3791.6229998337176,0.0,3204.927322321257,0.0,2717.768949560809,0.0,4702.7641007010725,0.0,4103.205045641527,0.0,3595.1084122549964,0.0,6636.544051119825,0.0,6096.962033058371,0.0,5536.222165844498,0.0
2025-10-31,3809.1400983512026,0.0,3229.6634385299863,0.0,2733.9608427099524,0.0,4734.9369027727835,0.0,4134.87420585316,0.0,3616.527308544995,0.0,6721.5485083002,0.0,6144.019312741301,0.0,5569.205807729788,0.0
2025-11-03,3865.087218830594,0.0,3325.0281604791576,0.0,2749.647156517118,0.0,4799.926614290938,0.0,4256.967772703415,0.0,3637.277416362117,0.0,7017.574010731871,200.0,6525.438431036985,200.0,5801.1595609043015,200.0
2025-11-04,3783.3554562299146,0.0,3244.5839741427694,0.0,2719.1528292201697,0.0,4723.457100196597,0.0,4153.976672415711,0.0,3596.9390304926956,0.0,6951.303200490123,0.0,6367.565005689116,0.0,5736.823139435551,0.0
2025-11-05,3640.153328683376,0.0,3137.6519892899223,0.0,2736.559424542664,0.0,4547.858758152544,0.0,4017.0737677124357,0.0,3619.964754325007,0.0,6694.300934593266,0.0,6157.708712813305,0.0,5773.54728298195,0.0
2025-11-06,3592.555567605745,0.0,3151.9864960566433,0.0,2704.5544925122267,0.0,4530.998837911431,0.0,4035.4259531371563,0.0,3577.6281162546998,0.0,6667.458100311851,0.0,6185.840486991134,0.0,5706.023812923471,0.0
2025-11-07,3535.7741688454375,0.0,3063.6640995388793,0.0,2694.9232781394853,0.0,4448.088960372373,0.0,3922.3485362139054,0.0,3564.887791210781,0.0,6524.084803042775,0.0,6012.505906728437,0.0,5685.704037999215,0.0
2025-11-10,3657.3951063919617,0.0,3144.456631472005,0.0,2738.2403778717867,0.0,4609.510781947469,0.0,4025.785616477569,0.0,3622.1883463838954,0.0,6730.532298001928,0.0,6171.062967713215,0.0,5777.093730188298,0.0
2025-11-11,3615.5008596404896,0.0,3161.8435451117275,0.0,2741.3403749536747,0.0,4563.561061602545,0.0,4048.045738034077,0.0,3626.289072307952,0.0,6688.169955657858,0.0,6205.185155251445,0.0,5783.634052159336,0.0
2025-11-12,3641.6794058971873,0.0,3179.1879803036486,0.0,2735.7013759893916,0.0,4595.230132138627,0.0,4070.2514752742427,0.0,3618.8297139189813,0.0,6795.033327000665,0.0,6239.223977933079,0.0,5771.736986502003,0.0
2025-11-13,3664.292184771253,0.0,3175.602064363349,0.0,2689.2142870240577,0.0,4611.936577963289,0.0,4065.660498038345,0.0,3557.3358460802433,0.0,6889.808887286786,0.0,6232.186541689554,0.0,5673.659304072579,0.0
2025-11-14,3606.812294033716,0.0,3042.615172304827,0.0,2679.5796817652194,0.0,4526.997982436319,0.0,3895.400011100534,0.0,3544.5910355177402,0.0,6749.006517961979,0.0,5971.196939683359,0.0,5653.332375113576,0.0
2025-11-17,3747.210817471807,100.0,3253.5942694406463,100.0,2758.413216257817,100.0,4716.439604258368,100.0,4137.484353593087,100.0,3616.5916950235214,100.0,6874.833693981948,0.0,6188.995776426897,0.0,5608.675720365062,0.0
2025-11-18,3658.290761421745,0.0,3119.7088716100993,0.0,2741.095396923227,0.0,4589.418250382373,0.0,3967.2268805266285,0.0,3593.886075280891,0.0,6659.942240579767,0.0,5934.31861231911,0.0,5573.463435179105,0.0
2025-11-19,3637.3609014182407,0.0,3114.1505114246274,0.0,2753.917237835006,0.0,4574.329748925119,0.0,3960.158504326489,0.0,3610.6969588291377,0.0,6655.824801511852,0.0,5923.745484613897,0.0,5599.534057009231,0.0
2025-11-20,3701.524304110844,0.0,3164.1836344846947,0.0,2721.4576870295386,0.0,4661.4237647328255,0.0,4023.783912622409,0.0,3568.1388166424103,0.0,6799.878887952952,0.0,6018.918625963644,0.0,5533.534121458035,0.0
2025-11-21,3614.2938246615868,0.0,3031.309312849608,0.0,2750.0257372132914,0.0,4530.2178355228425,0.0,3854.8121905109174,0.0,3605.59476139667,0.0,6601.152875721704,0.0,5766.1647337161885,0.0,5591.621477079524,0.0
2025-11-24,3690.0434515075867,100.0,3144.135592685925,100.0,2897.03619781375,100.0,4517.950784667302,0.0,3871.122931108174,0.0,3667.230791990195,0.0,6670.708338786481,100.0,5890.562917742951,100.0,5787.20774654015,100.0
2025-11-25,3675.525306086282,0.0,3135.075742487924,0.0,2921.1221262499066,0.0,4523.5020134252345,0.0,3859.9682614636854,0.0,3697.7201101704113,0.0,6681.406537903208,0.0,5873.589216691126,0.0,5835.322530792252,0.0
2025-11-26,3733.3154432089896,0.0,3228.150207057469,0.0,2929.9034219454543,0.0,4588.593930658596,0.0,3974.563412809556,0.0,3708.8359664350255,0.0,6816.072571673311,0.0,6047.964962717329,0.0,5852.864314533955,0.0
2025-11-27,3719.2903370534973,0.0,3226.438086469342,0.0,2920.4835550678026,0.0,4573.8532702834,0.0,3972.4554155320416,0.0,3696.9117709775296,0.0,6795.307755165167,0.0,6044.757291244577,0.0,5834.046901549311,0.0
2025-11-28,3700.3651404931434,0.0,3198.236854700662,0.0,2937.003919742414,0.0,4549.130515619946,0.0,3937.733492203037,0.0,3717.8241745144132,0.0,6775.968816339265,0.0,5991.92206032206,0.0,5867.048485199777,0.0
2025-12-01,3646.3252852209366,0.0,3183.533391267416,0.0,2923.188360364333,0.0,4480.645581238169,0.0,3919.630292520568,0.0,3700.335665120537,0.0,6703.306227520551,0.0,5964.375005206577,0.0,5839.450102992489,0.0
2025-12-02,3692.5782609288403,0.0,3232.3134767262577,0.0,2927.039844001251,0.0,4536.277038171838,0.0,3979.6893140972506,0.0,3705.2110889757214,0.0,6792.293110816024,0.0,6055.764881392776,0.0,5847.143944013897,0.0
2025-12-03,3738.3744438439535,0.0,3266.3435239416176,0.0,2932.0615410625196,0.0,4596.3087914379275,0.0,4021.5877921490637,0.0,3711.567834571453,0.0,6882.704949342929,0.0,6119.520444187891,0.0,5857.175439014091,0.0
2025-12-04,3724.014303762089,0.0,3254.3273384444396,0.0,2924.413166839689,0.0,4577.90907230579,0.0,4006.79322306916,0.0,3701.8860938048742,0.0,6842.3927454739605,0.0,6097.008025554593,0.0,5841.896813712756,0.0
2025-12-05,3789.752609232543,0.0,3302.3905030828473,0.0,2936.0181021182498,0.0,4652.22066124232,0.0,4065.969557323378,0.0,3716.5762713127388,0.0,6946.3858601877055,0.0,6187.054744909504,0.0,5865.079185887762,0.0
2025-12-08,3948.71801107294,100.0,3448.56584844216,100.0,3027.8452118328387,100.0,4825.98446338038,100.0,4222.82157054065,100.0,3806.230568716121,100.0,7019.718074110516,0.0,6273.5646199035355,0.0,5848.752771324131,0.0
2025-12-09,3965.6111476161723,0.0,3446.5543931524344,0.0,3024.915222431453,0.0,4843.779655306561,0.0,4220.358512806239,0.0,3802.5473503065455,0.0,7033.31623686471,0.0,6269.905419153218,0.0,5843.09304223219,0.0
2025-12-10,3938.004881496017,0.0,3444.686693844272,0.0,3048.4153034170636,0.0,4823.110423277019,0.0,4218.0714864676365,0.0,3832.088730514878,0.0,7031.026923614522,0.0,6266.507736517811,0.0,5888.487094495427,0.0
2025-12-11,3887.73069137484,0.0,3400.4626193255003,0.0,3036.464856320323,0.0,4765.35694510184,0.0,4163.918431539187,0.0,3817.0661141434475,0.0,6944.09570445619,0.0,6186.056151296009,0.0,5865.402951916912,0.0
2025-12-12,3956.9913738781493,0.0,3431.7925095537066,0.0,2994.045058324102,0.0,4817.58390046451,0.0,4202.28236079926,0.0,3763.7412178703507,0.0,7010.653451937843,0.0,6243.050884619695,0.0,5783.462531013022,0.0
2025-12-15,3882.494684912255,0.0,3364.5365450516747,0.0,2989.9779709847853,0.0,4828.0962338717145,100.0,4219.926404692174,100.0,3858.6285813009345,100.0,6901.562185691241,0.0,6120.700128415334,0.0,5775.606320842804,0.0
2025-12-16,3795.6127650940443,0.0,3296.7146267144244,0.0,2977.5035340066293,0.0,4717.448253530967,0.0,4134.861641633153,0.0,3842.530061670807,0.0,6725.160085280147,0.0,5997.319799886369,0.0,5751.510010515721,0.0
2025-12-17,3785.251157649203,0.0,3335.705129867373,0.0,2946.021123161599,0.0,4725.952699716241,0.0,4183.764975445755,0.0,3801.901357555344,0.0,6730.618634680584,0.0,6068.250572805517,0.0,5690.696849737805,0.0
2025-12-18,3719.7026709497877,0.0,3281.770348919798,0.0,2970.080775874254,0.0,4633.380592117556,0.0,4116.117974676303,0.0,3832.950838358926,0.0,6603.0859202154525,0.0,5970.133457342053,0.0,5737.171801604666,0.0
2025-12-19,3838.980868953744,0.0,3307.0493945883045,0.0,3001.258175209326,0.0,4759.433050176987,0.0,4147.823890446141,0.0,3873.185918795094,0.0,6755.731321018254,0.0,6016.120610698139,0.0,5797.395785331133,0.0
2025-12-22,3978.5606936444215,100.0,3483.8153807002786,100.0,3124.4880665675605,100.0,4820.6227958196505,0.0,4244.106634722643,0.0,3903.1645753622106,0.0,6844.546589061433,0.0,6155.771815184097,0.0,5842.267924411449,0.0
2025-12-23,4009.8995732967396,0.0,3468.9568774565473,0.0,3123.334161940969,0.0,4851.744088492519,0.0,4226.005482592677,0.0,3901.7230977294266,0.0,6864.61116401896,0.0,6129.517394243686,0.0,5840.110316558854,0.0
2025-12-24,3961.4074646903114,0.0,3448.6776467237078,0.0,3126.465587806714,0.0,4794.433939224647,0.0,4201.300609258368,0.0,3905.6349291236093,0.0,6795.149070894639,0.0,6093.684750048363,0.0,5845.965557002519,0.0
2025-12-26,3921.2694778305618,0.0,3546.4491489345914,0.0,3128.8407527511304,0.0,4755.175053215614,0.0,4320.4092978297485,0.0,3908.6020262845445,0.0,6766.677691103168,0.0,6266.443347123328,0.0,5850.4067165378765,0.0
2025-12-29,3997.4949126715273,0.0,3641.4463707156165,0.0,3121.0341580969903,0.0,4846.092627712422,0.0,4436.138260241075,0.0,3898.849893116142,0.0,6899.165995198441,0.0,6434.2998941722935,0.0,5835.809695657951,0.0
2025-12-30,3976.40915902713,0.0,3652.666763937625,0.0,3117.1857785392726,0.0,4813.734871318735,0.0,4449.807338568686,0.0,3894.0424307600024,0.0,6845.447618150737,0.0,6454.125910422743,0.0,5828.613872223198,0.0
2026-01-02,4046.455143404445,0.0,3719.3812347966787,0.0,3105.6745476980436,0.0,4901.96152728829,0.0,4531.0812573800795,0.0,3879.6624019421415,0.0,6972.497844344066,0.0,6572.007891670707,0.0,5807.08980386979,0.0
2026-01-05,4237.407210509824,100.0,3970.541473649639,100.0,3238.592065996193,100.0,5108.434365276948,100.0,4815.229985862113,100.0,4020.7835355783864,100.0,7185.815806150787,0.0,6839.10239474409,0.0,5868.640034565909,0.0
2026-01-06,4339.822240574379,0.0,4013.384586510506,0.0,3254.992520139785,0.0,5211.716689334388,0.0,4867.187494203083,0.0,4041.145061405899,0.0,7301.710827792778,0.0,6912.897980990848,0.0,5898.359233468022,0.0
2026-01-07,4407.617386339486,0.0,4046.969798792639,0.0,3251.912033583818,0.0,5276.576650741087,0.0,4907.917586644057,0.0,4037.3205693508958,0.0,7366.7753531412645,0.0,6970.747195580614,0.0,5892.777095810704,0.0
2026-01-08,4483.88321620091,0.0,4048.8030784335424,0.0,3254.774635496241,0.0,5358.419922450526,0.0,4910.1408761268485,0.0,4040.8745528115587,0.0,7458.742133419492,0.0,6973.904948059854,0.0,5897.964405556399,0.0
2026-01-09,4664.838800639025,0.0,4074.5168517276534,0.0,3281.617192714077,0.0,5539.8267066982935,0.0,4941.324968532676,0.0,4074.2001800949374,0.0,7645.270192423562,0.0,7018.195916856112,0.0,5946.605698658023,0.0
2026-01-12,4728.488315760374,0.0,4106.153341879607,0.0,3296.426780226665,0.0,5618.839626231291,0.0,4979.691769896696,0.0,4092.586609884761,0.0,7780.077874421939,0.0,7072.688533793984,0.0,5973.442094351176,0.0
2026-01-13,4897.348109459632,0.0,4123.487904194191,0.0,3277.6365359426736,0.0,5806.691298442558,0.0,5000.7140674354405,0.0,4069.2581068479553,0.0,7990.473277236548,0.0,7102.546639401063,0.0,5939.3923660689015,0.0
2026-01-14,4890.910359836301,0.0,4136.156257972114,0.0,3268.3758071899474,0.0,5802.739553430246,0.0,5016.077472499406,0.0,4057.760707688804,0.0,7984.179283150824,0.0,7124.367383305901,0.0,5922.611035663589,0.0
2026-01-15,5004.775066621932,0.0,4229.010186819006,0.0,3276.20814260692,0.0,5943.502179736887,0.0,5128.685041380355,0.0,4067.484724992602,0.0,8173.961824621538,0.0,7284.304644093274,0.0,5936.80398008373,0.0
2026-01-16,4945.825024682602,0.0,4263.487074364093,0.0,3283.9852349391736,0.0,5889.902951281033,0.0,5170.496503073437,0.0,4077.1401567873377,0.0,8155.467554333649,0.0,7343.689734448769,0.0,5950.8968187258015,0.0
2026-01-19,5072.235459604322,0.0,4305.834586497127,0.0,3279.486454802913,0.0,6022.940306387738,0.0,5221.8529771470385,0.0,4071.554821946316,0.0,8301.240813488681,0.0,7416.631667825497,0.0,5942.744596810737,0.0
2026-01-20,5044.851101290909,0.0,4284.172671509928,0.0,3208.8053061631636,0.0,5981.86854552915,0.0,5195.582730811673,0.0,3983.8026157606773,0.0,8266.034992058638,0.0,7379.319866488858,0.0,5814.663563403789,0.0
2026-01-21,5000.6157402822855,0.0,4254.703588872315,0.0,3221.282333509951,0.0,5925.003249241047,0.0,5159.844428790601,0.0,3999.293120617914,0.0,8110.799218558034,0.0,7328.560524223996,0.0,5837.27313593024,0.0
2026-01-22,4971.962385809273,0.0,4349.919919489077,0.0,3253.336160089346,0.0,5915.336136907541,0.0,5275.316974127892,0.0,4039.088653842342,0.0,8133.3724070680855,0.0,7492.566929663021,0.0,5895.357749889487,0.0
2026-01-23,4988.234915064273,0.0,4357.121282846193,0.0,3231.9123396216255,0.0,5937.594321564061,0.0,5284.0503473986155,0.0,4012.4905078423444,0.0,8199.560050614433,0.0,7504.970996389921,0.0,5856.53572849003,0.0
2026-01-26,4930.473964212388,0.0,4338.634184294081,0.0,3219.8785358827913,0.0,5864.178002592958,0.0,5261.6303243638495,0.0,3997.5502748776835,0.0,8163.189239208588,0.0,7473.127692191061,0.0,5834.729319732553,0.0
2026-01-27,4993.918157551411,0.0,4462.262132303569,0.0,3227.800270846789,0.0,5941.765934489081,0.0,5411.558742514512,0.0,4007.3852836924348,0.0,8260.31059256729,0.0,7686.071997369624,0.0,5849.084264722711,0.0
2026-01-28,5028.006440420266,0.0,4510.912598357258,0.0,3189.5657216129525,0.0,5980.564183746863,0.0,5470.559053812749,0.0,3959.916246865044,0.0,8300.912243678713,0.0,7769.870522357039,0.0,5779.799587379981,0.0
2026-01-29,5152.227236357526,0.0,4580.438080170573,0.0,3193.833183015145,0.0,6100.594385932212,0.0,5554.875308165146,0.0,3965.2143943918068,0.0,8442.4016722471,0.0,7889.625445538364,0.0,5787.5326375204495,0.0
2026-01-30,5163.171206178197,0.0,4589.415254020217,0.0,3187.5114180924843,0.0,6112.8135004394635,0.0,5565.762275848516,0.0,3957.365783699613,0.0,8367.124991279765,0.0,7905.088276384127,0.0,5776.076991993562,0.0
2026-02-02,4979.509348744952,0.0,4330.142225962026,0.0,3234.8651403830554,0.0,5898.669695206564,0.0,5251.331796399699,0.0,4016.1564751650144,0.0,8189.712823454114,100.0,7558.500626096864,100.0,5961.88648721774,100.0
2026-02-03,5338.382147715131,0.0,4634.020964431007,0.0,3221.233093443981,0.0,6313.273105363148,0.0,5619.857354753029,0.0,3999.231987989134,0.0,8749.51357983854,0.0,8088.937622185374,0.0,5936.762498144873,0.0
2026-02-04,5419.243632355215,0.0,4718.868629379768,0.0,3200.902365166618,0.0,6415.208429819724,0.0,5722.7554161895,0.0,3973.990940071358,0.0,8879.178359385956,0.0,8237.043872551223,0.0,5899.292777172903,0.0
2026-02-05,5180.131772639532,0.0,4500.33587253371,0.0,3164.8095197579974,0.0,6135.838544960761,0.0,5457.732247273695,0.0,3929.1808758169336,0.0,8525.137662288462,0.0,7855.582965900143,0.0,5832.773327987638,0.0
2026-02-06,5042.596117312832,0.0,4412.474921218523,0.0,3232.035208843932,0.0,5980.230797885576,0.0,5351.179856329803,0.0,4012.643052693938,0.0,8317.399565928206,0.0,7702.2168589987095,0.0,5956.670897117174,0.0
2026-02-09,5193.827037854352,0.0,4600.890958782124,0.0,3234.4613488897453,0.0,6163.055081557692,0.0,5579.679309090745,0.0,4015.6551591131556,0.0,8593.863537198316,0.0,8031.107381197379,0.0,5961.142295746645,0.0
2026-02-10,5110.5782871812,0.0,4585.892323837444,0.0,3204.7207147396875,0.0,6068.889624893297,0.0,5561.489881474406,0.0,3978.7315053489915,0.0,8461.953976625,0.0,8004.926441703002,0.0,5906.330030886812,0.0
2026-02-11,5149.7916881426645,0.0,4647.415911318139,0.0,3207.8702707369107,0.0,6133.156080870258,0.0,5636.101927524273,0.0,3982.6417486398896,0.0,8550.87950007081,0.0,8112.319236263979,0.0,5912.134691831149,0.0
2026-02-12,5304.143943829309,0.0,4835.525118330067,0.0,3161.917217653513,0.0,6303.422144254242,0.0,5864.229274948251,0.0,3925.590018912252,0.0,8769.810591601961,0.0,8440.674168914804,0.0,5827.442788356042,0.0
2026-02-13,5223.065646142377,0.0,4836.272848692518,0.0,3166.1743430788456,0.0,6210.129039059284,0.0,5865.1360766241705,0.0,3930.875334095597,0.0,8636.782156897902,0.0,8441.979373251708,0.0,5835.2887100394055,0.0
2026-02-19,5389.18584468746,0.0,5022.026412993241,0.0,3200.3198882212932,0.0,6407.342820902407,0.0,6090.406644564984,0.0,3973.2677820866875,0.0,8976.908347475828,0.0,8766.222402417987,0.0,5898.219266754772,0.0
2026-02-20,5551.2023463150035,0.0,5119.774274726595,0.0,3228.860575521866,0.0,6581.526430178917,0.0,6208.949276091689,0.0,4008.7016753507146,0.0,9201.048254665271,0.0,8936.84665343714,0.0,5950.820018430325,0.0
2026-02-23,5509.47064714543,0.0,5139.618093223832,0.0,3178.1737928883667,0.0,6556.667951753412,0.0,6233.014646141601,0.0,3945.772915898719,0.0,9221.815350908795,0.0,8971.485126426835,0.0,5857.403807444967,0.0
2026-02-24,5570.7311598095885,0.0,5270.964463746283,0.0,3212.3749025265456,0.0,6644.628718282463,0.0,6392.303495300131,0.0,3988.2343484377384,0.0,9353.801557777277,0.0,9200.757416347735,0.0,5920.436770041845,0.0
2026-02-25,5662.188049723307,0.0,5388.563091905772,0.0,3244.6016333949583,0.0,6754.05623934085,0.0,6534.919922900198,0.0,4028.244546153508,0.0,9535.492993140846,0.0,9406.032268347348,0.0,5979.8309342352995,0.0
2026-02-26,5816.128608540274,0.0,5618.517808203334,0.0,3215.6751720442685,0.0,6962.294813226312,0.0,6813.794946031147,0.0,3992.3317058910457,0.0,9826.358986421417,0.0,9807.430831352493,0.0,5926.519197403735,0.0
2026-02-27,5873.043935971963,0.0,5547.03736919668,0.0,3203.5234233597953,0.0,7013.944111470362,0.0,6727.107839098335,0.0,3977.245041672968,0.0,9872.959088409923,0.0,9682.657806636094,0.0,5904.123411757645,0.0
2026-03-03,5913.94287304759,100.0,5220.501934553949,100.0,3305.8164736274116,100.0,6980.310857859864,100.0,6309.831737449525,100.0,4080.091914194855,100.0,9816.611591971581,200.0,9138.116823554801,200.0,6108.349524690253,200.0
2026-03-04,5090.5127363487845,0.0,4528.604954180114,0.0,3353.5178547273176,0.0,6022.166691381169,0.0,5473.560899790821,0.0,4138.96572672326,0.0,8486.601972611616,0.0,7927.000437470917,0.0,6196.490143170794,0.0
2026-03-05,5757.939386374545,0.0,5030.310089969691,0.0,3328.120492414161,0.0,6784.29679434829,0.0,6079.953738704112,0.0,4107.619893268058,0.0,9543.223534115865,0.0,8805.199545391428,0.0,6149.561958484326,0.0
2026-03-06,5872.058512639747,0.0,4979.179861671302,0.0,3292.294452906659,0.0,6906.87950977371,0.0,6018.15448236732,0.0,4063.4028185216816,0.0,9762.211362179005,0.0,8715.699722335501,0.0,6083.364099908995,0.0
2026-03-09,5689.606441711161,0.0,4702.8311937514245,0.0,3345.5767339594354,0.0,6669.1952000495085,0.0,5684.141849616189,0.0,4129.164667622381,0.0,9412.10102719201,0.0,8231.971061156228,0.0,6181.8168720878475,0.0
2026-03-10,5709.113933084208,0.0,4979.293316614517,0.0,3313.1805239873515,0.0,6724.740714700716,0.0,6018.2916112507955,0.0,4089.1807437076272,0.0,9505.977416472335,0.0,8715.898317133146,0.0,6121.956509190083,0.0
2026-03-11,5691.509520080611,0.0,5022.995277870135,0.0,3310.7135329666144,0.0,6713.301082243689,0.0,6071.112590071686,0.0,4086.1359436721746,0.0,9474.780643250731,0.0,8792.395487784312,0.0,6117.398106281406,0.0
2026-03-12,5790.9544526334175,0.0,5019.850592847091,0.0,3279.6721513635566,0.0,6813.882949511934,0.0,6067.311723103061,0.0,4047.824170742717,0.0,9627.081011919017,0.0,8786.8909406212,0.0,6060.041138623517,0.0
2026-03-13,5706.229521914616,0.0,4958.753836284152,0.0,3267.2071402915094,0.0,6716.662360818327,0.0,5993.466284781432,0.0,4032.439653395448,0.0,9534.750591161463,0.0,8679.945419670996,0.0,6037.008812097039,0.0
2026-03-16,5780.174733840098,100.0,5048.412954761407,100.0,3425.4405156674534,100.0,6807.1498774958445,100.0,6080.967635562751,100.0,4204.312222820619,100.0,9627.741935014375,100.0,8761.844443060312,100.0,6244.610009452209,100.0
2026-03-17,5818.428653678956,0.0,5146.104179681663,0.0,3415.2074952189896,0.0,6870.859621185221,0.0,6198.639700495212,0.0,4191.752432991816,0.0,9727.904369991316,0.0,8931.393828951183,0.0,6225.955117730361,0.0
2026-03-18,5946.485264138415,0.0,5401.659619808389,0.0,3355.8966015989295,0.0,7042.247181725415,0.0,6506.464035474967,0.0,4118.955514215184,0.0,10009.932667185287,0.0,9374.926684332266,0.0,6117.830805462976,0.0
2026-03-19,5858.22919684616,0.0,5216.9175728867085,0.0,3369.5293355963217,0.0,6957.245120004105,0.0,6283.936595995436,0.0,4135.688039539604,0.0,9913.338232986816,0.0,9054.295014196474,0.0,6142.683406693953,0.0
2026-03-20,5789.505768926723,0.0,5235.677367252479,0.0,3288.784230776477,0.0,6877.398201709672,0.0,6306.533341430152,0.0,4036.583229640181,0.0,9792.95694291475,0.0,9086.853840403759,0.0,5995.4843274905525,0.0
2026-03-23,5403.857407387554,0.0,4856.183988678803,0.0,3328.3181876828316,0.0,6423.722199206192,0.0,5849.421973224745,0.0,4085.1063604543383,0.0,9245.203045666567,100.0,8528.218744576681,100.0,6167.555099667593,100.0
2026-03-24,5556.378774337411,0.0,5032.163828830702,0.0,3303.724105538827,0.0,6598.286731057894,0.0,6061.3950669602555,0.0,4054.920111504998,0.0,9442.619677703993,0.0,8837.266872685052,0.0,6121.980924304719,0.0
2026-03-25,5703.805895636675,0.0,5068.062736950318,0.0,3319.975346011999,0.0,6761.226010914191,0.0,6104.636398520015,0.0,4074.866535518157,0.0,9671.94837875934,0.0,8900.310971065443,0.0,6152.095359104601,0.0
2026-03-26,5603.102807664303,0.0,4915.351987206809,0.0,3275.681923646683,0.0,6640.168421303803,0.0,5920.691635063816,0.0,4020.5017388768792,0.0,9513.862071280602,0.0,8632.12700573441,0.0,6070.017232078795,0.0
2026-03-27,5560.373598789339,0.0,4883.083053616247,0.0,3227.196144375658,0.0,6609.5541904101465,0.0,5881.822718721845,0.0,3960.9913332838537,0.0,9480.748450578827,0.0,8575.457710469631,0.0,5980.170439091566,0.0
2026-03-30,5356.356470249847,0.0,4760.014607725552,0.0,3228.4646451800686,0.0,6363.754422666152,0.0,5733.583015843639,0.0,3962.5482639653956,0.0,9256.722501891609,100.0,8459.330267696094,100.0,6082.521040255278,100.0
2026-03-31,5177.868636242155,0.0,4542.480929363981,0.0,3331.587021480482,0.0,6150.978972717607,0.0,5471.557054493941,0.0,4089.1184569502407,0.0,8942.808453484922,0.0,8072.737078124647,0.0,6276.806588497174,0.0
2026-04-01,5527.030785724105,0.0,4918.621524024601,0.0,3323.568100688095,0.0,6580.816411755013,0.0,5924.629892046838,0.0,4079.276205553067,0.0,9571.393126591984,0.0,8741.200891693104,0.0,6261.698709117837,0.0
2026-04-02,5331.816653522968,0.0,4665.161711914377,0.0,3321.863633994361,0.0,6335.786623635564,0.0,5619.329805035449,0.0,4077.1841796892168,0.0,9173.689413287597,0.0,8290.761042884933,0.0,6258.487444425027,0.0
2026-04-03,5490.5815209449465,0.0,4822.270729722286,0.0,3335.9166551552253,0.0,6514.215676392007,0.0,5808.572416744518,0.0,4094.432556464099,0.0,9467.077866909842,0.0,8569.969654453775,0.0,6284.963743930963,0.0
2026-04-06,5529.319850303908,100.0,5001.115844143094,100.0,3460.9306035258937,100.0,6468.4420055753735,0.0,5903.543765822248,0.0,4125.13414021509,0.0,9653.092186100126,200.0,8910.090414124847,200.0,6532.090748246031,200.0
2026-04-07,5554.572960762715,0.0,5032.967191497041,0.0,3453.0883292965336,0.0,6493.24032484112,0.0,5941.142539568839,0.0,4115.786818102504,0.0,9671.226205163923,0.0,8966.83742690755,0.0,6517.2893977402955,0.0
2026-04-08,5773.66160397441,0.0,5342.771860684674,0.0,3496.9812425870537,0.0,6765.77825639234,0.0,6306.8500097421565,0.0,4168.103427670972,0.0,10141.851602972378,0.0,9518.791770539197,0.0,6600.131998665746,0.0
2026-04-09,5760.821735264443,0.0,5346.013529307331,0.0,3525.3763423573246,0.0,6744.937442321768,0.0,6310.67662227915,0.0,4201.9479651366555,0.0,10105.9851284958,0.0,9524.567193748868,0.0,6653.72433834339,0.0
2026-04-10,5785.285957120545,0.0,5421.890765091182,0.0,3513.431544230271,0.0,6788.105821133957,0.0,6400.245549742444,0.0,4187.710784390618,0.0,10198.736119654843,0.0,9659.751631037947,0.0,6631.179966822069,0.0
2026-04-13,5750.648176897863,0.0,5350.4818953695785,0.0,3552.6606634241375,0.0,6747.221147526989,0.0,6315.951284061098,0.0,4234.468549112143,0.0,10221.719550650256,100.0,9632.528126240495,100.0,6805.220216657486,100.0
2026-04-14,5820.100593118743,0.0,5473.009359671404,0.0,3567.3167463454843,0.0,6833.145721618687,0.0,6460.588255201882,0.0,4251.93735012164,0.0,10333.914347758193,0.0,9853.115592791062,0.0,6833.294350734009,0.0
2026-04-15,5899.342161801435,0.0,5600.071642280498,0.0,3586.15733740294,0.0,6918.610951828349,0.0,6610.578331365892,0.0,4274.393727985374,0.0,10533.42530516225,0.0,10081.867139838747,0.0,6869.3840264179225,0.0
2026-04-16,5981.959717373585,0.0,5701.13954850161,0.0,3592.000529997677,0.0,7010.1846785667285,0.0,6729.8834677176355,0.0,4281.358315265988,0.0,10671.27513008815,0.0,10263.820741098032,0.0,6880.576824194786,0.0
2026-04-17,5993.644476171485,0.0,5667.766293443018,0.0,3643.5687705957953,0.0,7022.349818424076,0.0,6690.488165151894,0.0,4342.823260453101,0.0,10707.615182692307,0.0,10203.738523402037,0.0,6979.357221959411,0.0
2026-04-20,6013.649803706966,0.0,5762.550558864974,0.0,3649.136448903949,0.0,7170.661711783628,100.0,6902.375807163855,100.0,4449.459458199251,100.0,10787.062454288445,0.0,10374.379620868822,0.0,6990.022264464758,0.0
2026-04-21,6132.157781214072,0.0,5881.314351488117,0.0,3611.9657355854733,0.0,7293.84420160508,0.0,7044.630928502082,0.0,4404.136521044468,0.0,11032.735115047515,0.0,10588.191310206832,0.0,6918.820730260627,0.0
2026-04-22,6266.606368993358,0.0,5862.629408489597,0.0,3661.011777449495,0.0,7509.216170278146,0.0,7022.250127293698,0.0,4463.939265588221,0.0,11307.05083856011,0.0,10554.552613265125,0.0,7012.76978626711,0.0
2026-04-23,6320.434675690827,0.0,5966.297240079152,0.0,3658.710992916182,0.0,7556.271629786313,0.0,7146.423325504356,0.0,4461.133876519775,0.0,11355.240624654734,0.0,10741.186887167994,0.0,7008.362569562889,0.0
2026-04-24,6336.88470444464,0.0,5969.408039003496,0.0,3694.05566099404,0.0,7602.000217526298,0.0,7150.149436540955,0.0,4504.230282992373,0.0,11491.290897882163,0.0,10746.78729078019,0.0,7076.066263369283,0.0
2026-04-27,6450.0671968655115,0.0,6107.863183017845,0.0,3693.285746505035,0.0,7726.02197058689,0.0,7315.990833793749,0.0,4503.291512038457,0.0,11665.16155559336,0.0,10996.049524541804,0.0,7074.591470772396,0.0
2026-04-28,6416.994910401704,0.0,6129.9839203820675,0.0,3669.9789932666426,0.0,7698.5701132704025,0.0,7342.487025169379,0.0,4474.8731574253725,0.0,11631.658437168206,0.0,11035.873717764187,0.0,7029.946737332054,0.0
2026-04-29,6450.7757286401375,0.0,6183.234103602958,0.0,3671.1757947512074,0.0,7718.916333329563,0.0,7406.2700276153155,0.0,4476.332439575999,0.0,11705.173101331779,0.0,11131.74057567218,0.0,7032.239243830615,0.0
2026-04-30,6438.079785551275,0.0,6052.202586354764,0.0,3718.216554755879,0.0,7714.013741402013,0.0,7249.320641160291,0.0,4533.6901069185105,0.0,11684.298201550817,0.0,10895.843174279325,0.0,7122.347126715828,0.0
2026-05-04,6630.252174870645,0.0,6406.976813575006,0.0,3701.571272761667,0.0,7933.671049764515,0.0,7674.268764036733,0.0,4513.394207206187,0.0,12014.938083793139,0.0,11534.546900222535,0.0,7090.4626265424295,0.0
2026-05-06,6714.458986598503,0.0,6816.340823036554,0.0,3786.6333390172667,0.0,8061.917135225389,0.0,8164.60445937986,0.0,4617.111955373326,0.0,12250.7383609086,0.0,12271.529178103236,0.0,7253.401378028854,0.0
2026-05-07,6767.154796380566,0.0,7035.949104841937,0.0,3764.8505815383232,0.0,8099.069186088311,0.0,8427.650982946478,0.0,4590.551836932302,0.0,12300.94319913754,0.0,12666.892248685046,0.0,7211.675900812187,0.0
2026-05-08,6805.890433109287,0.0,7002.80308120897,0.0,3801.061700268215,0.0,8133.569231443599,0.0,8387.948717553609,0.0,4634.704722685064,0.0,12371.034139816824,0.0,12607.219118084624,0.0,7281.03930491815,0.0
2026-05-11,6981.42328643234,0.0,7253.768560600502,0.0,3797.6515494576015,0.0,8366.768089822812,0.0,8688.554852925474,0.0,4630.546662828812,0.0,12701.94155327229,100.0,13159.034877156055,100.0,7374.507066284395,100.0
2026-05-12,6797.8074473196,0.0,7014.266847677909,0.0,3788.328466926919,0.0,8161.409081449173,0.0,8401.680002602807,0.0,4619.178856136306,0.0,12446.254270791027,0.0,12724.555700276156,0.0,7356.4029466444845,0.0
2026-05-13,6979.313516346795,0.0,7136.172363597224,0.0,3823.9731498842643,0.0,8402.995430655901,0.0,8547.698276151286,0.0,4662.641076291629,0.0,12779.937598637647,0.0,12945.704048517246,0.0,7425.619925327524,0.0
2026-05-14,7023.150527256985,0.0,7288.567346087593,0.0,3860.5384289747417,0.0,8496.133179529137,0.0,8730.23679438719,0.0,4707.225796312084,0.0,12923.986521704499,0.0,13222.163225969736,0.0,7496.624572679095,0.0
2026-05-15,6634.136472649217,0.0,6858.274343875976,0.0,3831.749520819531,0.0,8062.5882552274325,0.0,8214.832377867438,0.0,4672.122948973803,0.0,12250.114904500646,0.0,12441.570272638717,0.0,7440.720547821538,0.0
2026-05-18,6622.851201046218,100.0,6989.858931239136,100.0,3944.7727186793636,100.0,8155.920301610753,200.0,8452.664356861418,200.0,4888.002374614583,200.0,12204.324800008293,100.0,12598.867756452837,100.0,7566.009772857645,100.0
2026-05-19,6363.634706416395,0.0,6760.757100339036,0.0,3904.798578114784,0.0,7831.683419981953,0.0,8175.617151876172,0.0,4838.470067448289,0.0,11725.698218251851,0.0,12185.923275217094,0.0,7489.34002285125,0.0
2026-05-20,6330.26268547264,0.0,6660.8675411317445,0.0,3961.1405885287577,0.0,7779.487634507603,0.0,8054.823166612668,0.0,4908.283945289714,0.0,11663.119727240864,0.0,12005.877388871868,0.0,7597.403080425143,0.0
2026-05-21,6816.114478856438,0.0,7248.913499879422,0.0,3962.776643604323,0.0,8407.7554058916,0.0,8765.932670337907,0.0,4910.31119544192,0.0,12612.621871233026,0.0,13065.800534941018,0.0,7600.541007391645,0.0
2026-05-22,6959.433322802163,0.0,7258.918619833195,0.0,3979.790143350984,0.0,8570.540999931358,0.0,8778.031615631555,0.0,4931.392771769092,0.0,12960.64507232356,0.0,13083.834258428866,0.0,7633.172622578044,0.0
2026-05-26,7110.726900711028,0.0,7382.362017108712,0.0,4000.6240075906762,0.0,8870.112668596901,0.0,8927.308677515788,0.0,4957.208195150469,0.0,13478.40075025877,0.0,13306.334748493233,0.0,7673.131634588416,0.0
2026-05-27,7087.014094913458,0.0,7595.813676661429,0.0,4000.1169610331717,0.0,8810.249740785242,0.0,9185.430515504631,0.0,4956.579909326704,0.0,13361.194447633554,0.0,13691.07058616247,0.0,7672.15912755621,0.0
2026-05-28,6946.397462809133,0.0,7579.783090836629,0.0,4028.7369155224387,0.0,8672.634008998459,0.0,9166.045122644224,0.0,4992.043145229362,0.0,13319.838096024803,0.0,13662.176264710215,0.0,7727.0517337484935,0.0
2026-05-29,7046.763217911721,0.0,7866.525462779269,0.0,4026.668271972283,0.0,8967.7299700691,0.0,9512.795615145476,0.0,4989.4798709151,0.0,13843.374936601927,0.0,14179.014910499096,0.0,7723.084109139115,0.0
2026-06-01,7176.181750341919,0.0,8096.516077258338,0.0,4038.9977068237945,0.0,9223.544607481628,0.0,9790.917604236214,0.0,5004.757381466335,0.0,14011.25523915275,0.0,14593.561379255001,0.0,7746.731764208983,0.0
2026-06-02,7019.353656204131,0.0,8094.148773954698,0.0,4049.1465746207164,0.0,8951.019623505348,0.0,9788.054882620028,0.0,5017.332932310138,0.0,13480.572931944502,0.0,14589.294434591975,0.0,7766.197127212368,0.0
2026-06-04,7004.243603229588,0.0,7864.890489082067,0.0,4044.98947584812,0.0,8841.880089389473,0.0,9510.818481696762,0.0,5012.181834865223,0.0,13300.169940657523,0.0,14176.067952971202,0.0,7758.223879529107,0.0
2026-06-05,6704.497563995207,0.0,7412.585644850496,0.0,3939.492568597041,0.0,8452.503379518299,0.0,8963.857366618266,0.0,4881.4596944701725,0.0,12801.37422273974,0.0,13360.811311294407,0.0,7555.882531068572,0.0
2026-06-08,6233.784174507576,0.0,6757.150033659302,0.0,3979.270470421894,0.0,7956.863617581991,100.0,8271.255214924862,100.0,5030.748840497871,100.0,12005.243500764742,100.0,12279.421719673022,100.0,7732.175898370949,100.0
2026-06-09,6533.005052583567,0.0,7428.786357052507,0.0,3965.5779811189577,0.0,8347.457868939973,0.0,9093.388128168846,0.0,5013.438261788459,0.0,12762.297775228904,0.0,13499.95191600042,0.0,7705.569831614788,0.0
2026-06-10,6434.762218750001,0.0,7102.8972057358515,0.0,3900.7185689901626,0.0,8179.857177878808,0.0,8694.475520207176,0.0,4931.440464758162,0.0,12434.830133824922,0.0,12907.730298461993,0.0,7579.540604154005,0.0
2026-06-11,6465.477499213221,0.0,7136.726937718863,0.0,3966.9270697965912,0.0,8239.837188829017,0.0,8735.885633300737,0.0,5015.143832282142,0.0,12497.939624662074,0.0,12969.207332953403,0.0,7708.191264622546,0.0
2026-06-12,6813.113320532087,0.0,7478.940726479976,0.0,3974.486810465273,0.0,8633.322411409728,0.0,9154.78081408107,0.0,5024.7011511138535,0.0,13020.479222435502,0.0,13591.094875712186,0.0,7722.880702053555,0.0
2026-06-15,7115.143733324851,0.0,7890.36129032154,0.0,4035.115175133486,0.0,9007.138802542482,0.0,9658.390245165287,0.0,5101.349893018436,0.0,13687.946546727,0.0,14338.748336474595,0.0,7840.688522238117,0.0
2026-06-16,7185.809878259616,0.0,8042.993284281691,0.0,4014.131206056134,0.0,9098.885141563102,0.0,9845.2231806068,0.0,5074.821141356642,0.0,13847.986966928152,0.0,14616.118620161531,0.0,7799.914279532554,0.0
2026-06-17,7230.954718652765,0.0,8171.458221953172,0.0,3958.6257314651116,0.0,9159.253096343486,0.0,10002.473838111413,0.0,5004.648956777677,0.0,13871.1772169599,0.0,14849.571353636707,0.0,7692.0608184395105,0.0
2026-06-18,7143.929879969463,0.0,8350.048482849568,0.0,4035.447380957268,0.0,9094.99818972135,0.0,10221.081626811667,0.0,5101.769880570229,0.0,13852.86245035123,0.0,15174.114262651514,0.0,7841.334036003274,0.0
2026-06-19,7161.099659547946,0.0,8308.909001845657,0.0,4052.629275005704,0.0,9032.485897119559,0.0,10170.723836160594,0.0,5123.491900775749,0.0,13788.522503588563,0.0,15099.353596681523,0.0,7874.720413741906,0.0
2026-06-22,7133.949413419968,0.0,8396.892336140436,0.0,4038.3943372686877,0.0,9046.962939602416,0.0,10278.421994257887,0.0,5105.495537611357,0.0,13881.215889463658,100.0,15359.241191411085,100.0,7947.060307874986,100.0
2026-06-23,6519.145432971366,0.0,7543.4239663719745,0.0,3992.1572158647277,0.0,8239.90606566942,0.0,9233.713105294843,0.0,5047.040766411481,0.0,12635.186585276017,0.0,13798.112857766226,0.0,7856.071374756504,0.0
2026-06-24,6634.226126296433,0.0,7841.032472928829,0.0,4006.995603107497,0.0,8380.871337959898,0.0,9598.008096467522,0.0,5065.800033963482,0.0,12813.155450486882,0.0,14342.485781681004,0.0,7885.271484612454,0.0
2026-06-25,6781.777920502117,0.0,8244.264115714266,0.0,4021.7385124522284,0.0,8564.633696102066,0.0,10091.593677903189,0.0,5084.4385946350585,0.0,13033.687587369915,0.0,15080.060090082481,0.0,7914.283705780373,0.0
2026-06-26,6448.772605012217,0.0,7741.272406737701,0.0,3990.0266913163273,0.0,8197.328844158339,0.0,9475.894340873174,0.0,5044.347274229638,0.0,12499.221705376636,0.0,14160.008877540424,0.0,7851.878766095854,0.0
2026-06-29,6612.559896536668,0.0,7766.23784552737,0.0,4047.236670652239,0.0,8343.020448860529,0.0,9506.453898490412,0.0,5116.674360148614,0.0,12868.026752752934,0.0,14205.67460486785,0.0,7964.460925742569,0.0
2026-06-30,6520.648048088672,0.0,7784.036525030393,0.0,4065.7489934454848,0.0,8308.199912481876,0.0,9528.240808641114,0.0,5140.078360233375,0.0,12911.6751972479,0.0,14238.231198477957,0.0,8000.8908861154505,0.0
2026-07-01,6598.232226928909,0.0,7597.037012736619,0.0,4063.3568846216863,0.0,8383.096611087707,0.0,9299.339469534594,0.0,5137.0541630140315,0.0,13082.11580323433,0.0,13896.179580210277,0.0,7996.1835119716525,0.0
2026-07-02,6264.362673080654,0.0,7004.713900114551,0.0,4070.615445271504,0.0,7929.794415831344,0.0,8574.291837057704,0.0,5146.23071832591,0.0,12267.292805753143,0.0,12812.727133064653,0.0,8010.467461089777,0.0
2026-07-03,6399.668246941158,0.0,7425.252868767799,0.0,4054.683120790332,0.0,8073.958474660129,0.0,9089.062875176654,0.0,5126.088452675495,0.0,12471.33912374505,0.0,13581.959271737209,0.0,7979.114618122455,0.0
2026-07-06,6383.330161883217,0.0,7435.229425994633,0.0,4084.697087137416,0.0,8014.456642553058,0.0,9101.274924720974,0.0,5164.033278874586,0.0,12247.182057916294,0.0,13600.20796929968,0.0,8038.178389690669,0.0
2026-07-07,6063.82716940048,0.0,7078.286383943027,0.0,4063.8456654149845,0.0,7636.858087113844,0.0,8664.350040221756,0.0,5137.672098745573,0.0,11656.782351316717,0.0,12947.30281641707,0.0,7997.145372086655,0.0
2026-07-08,5736.4044796164,0.0,6761.35357148636,0.0,4064.7796037339504,0.0,7238.391852703671,0.0,8276.400658492046,0.0,5138.852819973285,0.0,10979.496419593466,0.0,12367.582687454254,0.0,7998.983247124304,0.0
2026-07-09,5708.409500645807,0.0,6867.186276442221,0.0,4092.6445696315413,0.0,7205.369772913543,0.0,8405.947776495243,0.0,5174.080796036182,0.0,10958.951918108576,0.0,12561.167406215061,0.0,8053.818051744896,0.0
2026-07-10,5924.913982204611,0.0,7021.543783852425,0.0,4106.199965470899,0.0,7495.37017528161,0.0,8594.892868992774,0.0,5191.21805584504,0.0,11435.315348797983,0.0,12843.511646335217,0.0,8080.4933932880285,0.0
2026-07-13,5600.692127980809,0.0,6441.204729322659,0.0,4085.104599243121,0.0,7080.6585714054645,0.0,7884.5146167276835,0.0,5164.548471563422,0.0,10686.104802425249,0.0,11781.979932637527,0.0,8038.980323085419,0.0
2026-07-14,5539.801032447233,0.0,6503.278846589765,0.0,4106.856518154247,0.0,7037.756165786728,0.0,7960.497962309751,0.0,5192.048095339725,0.0,10561.192307225785,0.0,11895.523288998776,0.0,8081.785407721021,0.0
2026-07-15,5846.151097901797,0.0,6929.866266861635,0.0,4108.583139368892,0.0,7422.001426882964,0.0,8482.672755968175,0.0,5194.230957182899,0.0,11194.878161119275,0.0,12675.819000184363,0.0,8085.183184603535,0.0
2026-07-16,5649.978758124415,0.0,6470.139081466144,0.0,4070.073883836517,0.0,7141.023395136371,0.0,7919.932420071569,0.0,5145.546055249758,0.0,10682.80316496169,0.0,11834.90542882095,0.0,8009.401735203489,0.0
2026-07-20,5455.194991996294,100.0,6299.525534768405,100.0,4138.284340147817,100.0,6743.527851284726,0.0,7588.681271554324,0.0,5105.356474963468,0.0,10147.745147782052,0.0,11339.910546547131,0.0,7946.843847153163,0.0
2026-07-21,5576.306511432354,0.0,6583.740543736807,0.0,4176.28437082568,0.0,6900.927339790226,0.0,7931.058979803815,0.0,5152.236700371834,0.0,10368.041169481168,0.0,11851.53205834187,0.0,8019.816191526488,0.0
2026-07-22,5653.770958399597,0.0,6619.472477896549,0.0,4176.667677723168,0.0,7000.063369475822,0.0,7974.103215128821,0.0,5152.709581930986,0.0,10542.772016094608,0.0,11915.853876674097,0.0,8020.5522646934105,0.0
2026-07-23,5975.163339930799,0.0,6925.152132045435,0.0,4122.219347952156,0.0,7368.881619228376,0.0,8342.33816452809,0.0,5085.537268455432,0.0,11179.276166949574,0.0,12466.114354993639,0.0,7915.9938682993425,0.0
2026-07-24,5681.397194025444,0.0,6555.818496186568,0.0,4139.074450390651,0.0,6983.52319809607,0.0,7897.422872109914,0.0,5106.331225394475,0.0,10582.256642226293,0.0,11801.268983805769,0.0,7948.361114263335,0.0
2026-07-27,5624.761141565545,0.0,6681.756014738031,0.0,4133.3768355596185,0.0,6926.638986060151,0.0,8049.132660909532,0.0,5099.30213981733,0.0,10468.53770873072,0.0,12027.971802445938,0.0,7937.419851739593,0.0
2026-07-28,5130.371186365566,0.0,5944.84155791276,0.0,4152.576397719504,0.0,6285.756399319673,0.0,7161.413592801469,0.0,5122.988431268712,0.0,9442.279596420105,0.0,10701.436339618711,0.0,7974.2892183363,0.0
2026-07-29,4812.221649394741,0.0,5624.069399982636,0.0,4082.542544868339,0.0,5878.678352015131,0.0,6774.997559739085,0.0,5036.588427128939,0.0,8790.758356009817,0.0,10124.007522690481,0.0,7839.801578803337,0.0
2026-07-30,4741.61732408138,0.0,5557.390580875689,0.0,4121.779466736873,0.0,5778.310780898912,0.0,6694.673366595726,0.0,5084.9945917744535,0.0,8552.282697198081,0.0,10003.977555378031,0.0,7915.149154151687,0.0
2026-07-31,5311.277894529487,0.0,6620.3068978547635,0.0,4131.1754226433895,0.0,6500.797125315012,0.0,7975.108393546553,0.0,5096.586280595937,0.0,9697.191323406581,0.0,11917.355933873829,0.0,7933.192427220051,0.0
2026-08-03,5185.259186045493,0.0,6203.943258316523,0.0,4182.580138294042,0.0,6341.640351192784,0.0,7473.5387219766435,0.0,5160.003720365514,0.0,9534.66235188616,0.0,11167.850847952779,0.0,8031.906100497624,0.0
2026-08-04,5379.245834805242,0.0,6356.540141226177,0.0,4271.554428017455,0.0,6574.413410597888,0.0,7657.363535614238,0.0,5269.770335901768,0.0,9905.911363651017,0.0,11442.54375812939,0.0,8202.765502299404,0.0
2026-08-05,5590.581081457047,0.0,6581.737043367299,0.0,4253.754709727489,0.0,6855.586343927442,0.0,7928.64547649349,0.0,5247.811016639294,0.0,10414.160892880307,0.0,11847.92551450856,0.0,8168.584288504747,0.0
2026-08-06,5439.817504939575,0.0,6299.127230780499,0.0,4237.798691483924,0.0,6658.017052630508,0.0,7588.201457321217,0.0,5228.126250113194,0.0,10096.901665026342,0.0,11339.193551026081,0.0,8137.943574870406,0.0
2026-08-07,5397.234453381207,0.0,6274.1983149248545,0.0,4275.787494433253,0.0,6623.3501269559765,0.0,7558.171005689619,0.0,5274.992623994731,0.0,10113.047544926209,0.0,11294.318476821656,0.0,8210.894358375006,0.0
2026-08-10,5536.49865547114,0.0,6366.351905168059,0.0,4262.791363243039,0.0,6796.560322654254,0.0,7669.183211374852,0.0,5258.959438000782,0.0,10475.16259321396,100.0,11560.206124095002,100.0,8285.937584819407,100.0
2026-08-11,5456.803420117288,0.0,6371.575266779157,0.0,4252.853082030826,0.0,6698.230408211319,0.0,7675.4754989787225,0.0,5246.698688335869,0.0,10371.534564642785,0.0,11569.69085534838,0.0,8266.61973160828,0.0
2026-08-12,5589.8636671488575,0.0,6631.573550734621,0.0,4264.489952459191,0.0,6892.505337549912,0.0,7988.680691528456,0.0,5261.054969080861,0.0,10632.314477985037,0.0,12041.80326748134,0.0,8289.239272147723,0.0
2026-08-13,5732.536543236999,0.0,6855.133794423679,0.0,4299.351045871429,0.0,7074.199420677011,0.0,8257.991042757893,0.0,5304.062721653541,0.0,10982.088976155954,0.0,12447.750431052438,0.0,8357.001641810735,0.0
2026-08-14,5804.340701191531,0.0,6959.744128355101,0.0,4293.898044254141,0.0,7170.201654587202,0.0,8384.009181351817,0.0,5297.335412743246,0.0,11123.187812886637,0.0,12637.704904347567,0.0,8346.402194828559,0.0
