,top 3,top 3 __aporte,EEM top 3,EEM top 3 __aporte,SPY top 3,SPY top 3 __aporte,top 5,top 5 __aporte,EEM top 5,EEM top 5 __aporte,SPY top 5,SPY top 5 __aporte,top 10,top 10 __aporte,EEM top 10,EEM top 10 __aporte,SPY top 10,SPY top 10 __aporte
2024-01-15,300.0,300.0,300.0,300.0,300.0,300.0,500.0,500.0,500.0,500.0,499.9999999999999,500.0,1000.0,1000.0,1000.0000000000002,1000.0,999.9999999999998,1000.0
2024-01-16,299.5163341185782,0.0,292.72961032382904,0.0,298.89866721380787,0.0,498.0848909208795,0.0,487.88268387304834,0.0,498.16444535634645,0.0,998.169301720508,0.0,975.7653677460969,0.0,996.3288907126929,0.0
2024-01-17,296.51895846617407,0.0,290.1412026753172,0.0,299.0655731389598,0.0,491.59004986254854,0.0,483.5686711255287,0.0,498.4426218982662,0.0,994.3474981701819,0.0,967.1373422510576,0.0,996.8852437965324,0.0
2024-01-18,298.07192492850623,0.0,292.34051629137656,0.0,301.5315023531262,0.0,493.0034771335319,0.0,487.23419381896093,0.0,502.5525039218771,0.0,994.2102777708808,0.0,974.4683876379221,0.0,1005.1050078437542,0.0
2024-01-19,302.6275259396293,0.0,295.5986739124908,0.0,305.47653519505377,0.0,497.5331471567248,0.0,492.6644565208179,0.0,509.1275586584229,0.0,999.6527686611038,0.0,985.328913041636,0.0,1018.2551173168458,0.0
2024-01-22,400.6770563966576,100.0,392.62691266948895,100.0,405.7527171282162,100.0,696.354663584835,200.0,687.7115211158148,200.0,709.5878618803603,200.0,1398.12075095634,400.0,1375.4230422316298,400.0,1419.1757237607205,400.0
2024-01-23,393.6793001233245,0.0,396.4720683467416,0.0,407.38818889589146,0.0,692.8392528071573,0.0,694.4465608555806,0.0,712.4480051789785,0.0,1386.3965329608468,0.0,1388.8931217111615,0.0,1424.896010357957,0.0
2024-01-24,399.5527802646981,0.0,401.7385188021261,0.0,408.67217801803616,0.0,698.1481795170656,0.0,703.6710906488358,0.0,714.6934691214232,0.0,1403.2580232979587,0.0,1407.3421812976721,0.0,1429.3869382428463,0.0
2024-01-25,395.9209999218755,0.0,401.3738283105656,0.0,409.99374678446515,0.0,697.6417918175677,0.0,703.0323115825149,0.0,717.0046530413617,0.0,1415.1317570835758,0.0,1406.0646231650298,0.0,1434.0093060827235,0.0
2024-01-26,396.9627241387302,0.0,402.968757587725,0.0,410.78287524221815,0.0,698.5553036407161,0.0,705.8259337308538,0.0,718.384695494433,0.0,1419.0507020781513,0.0,1411.6518674617078,0.0,1436.769390988866,0.0
2024-01-29,502.3442075642217,100.0,503.3071508607558,100.0,514.1706699373509,100.0,806.7443085913909,100.0,806.4186515120908,100.0,824.3093335627204,100.0,1628.1531583906112,200.0,1612.837303024182,200.0,1648.6186671254409,200.0
2024-01-30,508.3481189329674,0.0,499.7141757246171,0.0,514.2020955386434,0.0,809.7565762968461,0.0,800.6618444425981,0.0,824.3597145314781,0.0,1625.0183607584238,0.0,1601.3236888851964,0.0,1648.7194290629561,0.0
2024-01-31,506.95845920277543,0.0,496.58625522513427,0.0,505.3951603786958,0.0,809.6863634828399,0.0,795.6501663312973,0.0,810.2405916859236,0.0,1635.4753959868635,0.0,1591.3003326625949,0.0,1620.4811833718472,0.0
2024-02-01,517.6157120559318,0.0,503.20448282390885,0.0,513.8807856131042,0.0,820.7557437563444,0.0,806.2541527170986,0.0,823.8445961358284,0.0,1645.3462188728797,0.0,1612.5083054341974,0.0,1647.6891922716568,0.0
2024-02-02,513.8077278304086,0.0,498.512861826664,0.0,515.9131593666107,0.0,820.9554306659754,0.0,798.7370517350569,0.0,827.1028618290221,0.0,1643.1192627794464,0.0,1597.474103470114,0.0,1654.2057236580442,0.0
2024-02-05,508.67235749561814,0.0,503.538329448832,0.0,518.5457964226385,0.0,918.6466550833169,100.0,906.7890550021584,100.0,931.3234590432334,100.0,1841.8404083248151,200.0,1813.5781100043173,200.0,1862.6469180864667,200.0
2024-02-06,514.1439704971366,0.0,516.8203051228825,0.0,521.9013082710915,0.0,925.803283135689,0.0,930.7076913117658,0.0,937.3500567384053,0.0,1861.9532297133278,0.0,1861.415382623532,0.0,1874.7001134768107,0.0
2024-02-07,513.8013532094027,0.0,516.7339476019148,0.0,525.5023484449548,0.0,924.8327620890879,0.0,930.5521757328103,0.0,943.8176305072275,0.0,1855.5108652741133,0.0,1861.1043514656208,0.0,1887.635261014455,0.0
2024-02-08,514.4858651140185,0.0,512.9808608922099,0.0,524.829559812805,0.0,925.3178079471626,0.0,923.7934887534898,0.0,942.6092823913591,0.0,1845.917409960362,0.0,1847.58697750698,0.0,1885.2185647827182,0.0
2024-02-09,500.9381654050897,0.0,515.1215458250346,0.0,527.7888732732694,0.0,910.9315051978829,0.0,927.6485074358179,0.0,947.9242961614187,0.0,1828.9018818085374,0.0,1855.2970148716363,0.0,1895.8485923228375,0.0
2024-02-12,584.4567310625125,100.0,618.1489246517867,100.0,626.5337551011011,100.0,988.5994881355557,100.0,1033.100314825434,100.0,1045.6700671122665,100.0,1896.0021198146437,100.0,1966.2006296508684,100.0,1991.340134224533,100.0
2024-02-13,592.3258311794884,0.0,607.9872075542186,0.0,619.3923374745725,0.0,995.6557365306977,0.0,1016.1172340272616,0.0,1033.7512094481588,0.0,1906.0198346882325,0.0,1933.8783627039065,0.0,1968.642248565252,0.0
2024-02-14,598.6485745605764,0.0,620.3330799769232,0.0,628.7174472902957,0.0,1011.5620213668726,0.0,1036.7506512800305,0.0,1049.3145978968196,0.0,1942.6793315904015,0.0,1973.147964515129,0.0,1998.2806603521858,0.0
2024-02-15,611.2843951653683,0.0,621.9535558516097,0.0,631.6861086494982,0.0,1022.4124581320135,0.0,1039.4589211961334,0.0,1054.2692237209462,0.0,1952.859468712995,0.0,1978.3023545950562,0.0,2007.716088948603,0.0
2024-02-16,619.3831170425364,0.0,622.4950396911967,0.0,626.1052130367897,0.0,1031.3301732607226,0.0,1040.3638926404583,0.0,1044.9548405095488,0.0,1963.2071815785914,0.0,1980.0246998485748,0.0,1989.9780798979803,0.0
2024-02-19,618.6769809044407,0.0,621.857823731195,0.0,625.4643015291491,0.0,1038.783821656504,0.0,1039.298925959071,0.0,1043.885174312395,0.0,2177.062441285905,200.0,2177.9978510232945,200.0,2187.941042312599,200.0
2024-02-20,620.6830226929269,0.0,623.3395489463078,0.0,622.5711348739934,0.0,1046.04876052987,0.0,1041.7753045875386,0.0,1039.0565473695808,0.0,2178.318396922851,0.0,2183.1874525868143,0.0,2177.8204358262024,0.0
2024-02-21,620.3178056084782,0.0,622.2465756260499,0.0,620.9594163740328,0.0,1041.9824421036951,0.0,1039.9486394649061,0.0,1036.366627188428,0.0,2162.03015737989,0.0,2179.359417541015,0.0,2172.1824720829527,0.0
2024-02-22,636.7395102543467,0.0,628.1697690757154,0.0,633.3855756555212,0.0,1066.2356475596644,0.0,1049.8479578549986,0.0,1057.1055940900994,0.0,2193.2717075989594,0.0,2200.10483894162,0.0,2215.650506667521,0.0
2024-02-23,638.1255643164454,0.0,627.5548700822993,0.0,633.5138019427017,0.0,1066.4907677721328,0.0,1048.820289087247,0.0,1057.3196007405472,0.0,2190.8963262999455,0.0,2197.951213731566,0.0,2216.099055938422,0.0
2024-02-26,836.9762914220256,200.0,825.0972068710827,200.0,831.5215343124114,200.0,1169.9299859900095,100.0,1144.7128442046517,100.0,1153.994553032088,100.0,2390.4303055565015,200.0,2389.343482207901,200.0,2409.1298906240695,200.0
2024-02-27,830.5966559890179,0.0,824.3777042645228,0.0,830.6956130038357,0.0,1159.4995510685696,0.0,1143.714629850865,0.0,1152.84833053273,0.0,2376.372462136512,0.0,2387.2599230234814,0.0,2406.7369860152444,0.0
2024-02-28,825.5585212225444,0.0,814.0485802535429,0.0,830.0658191239872,0.0,1152.1329359104964,0.0,1129.384341460253,0.0,1151.974295794136,0.0,2353.1217443637115,0.0,2357.3485078265467,0.0,2404.9123125723254,0.0
2024-02-29,840.1044986370483,0.0,814.9063961633342,0.0,833.5105941432035,0.0,1168.680108498198,0.0,1130.574447161404,0.0,1156.754991716682,0.0,2365.577571681355,0.0,2359.832599198964,0.0,2414.892704086938,0.0
2024-03-01,846.6929247055925,0.0,827.475271544387,0.0,843.9713003331129,0.0,1172.110144860419,0.0,1148.0120932545954,0.0,1171.2724725826547,0.0,2378.8694690615,0.0,2396.229959680023,0.0,2445.200036993218,0.0
2024-03-04,953.1871446557628,100.0,922.7631322672478,100.0,940.1330398297143,100.0,1286.599819288106,100.0,1241.4746255364855,100.0,1265.945693261536,100.0,2497.5373236049736,100.0,2482.5843926179505,100.0,2534.0796177074017,100.0
2024-03-05,966.5346448508362,0.0,913.4870592376582,0.0,929.6674226665793,0.0,1295.9879229418273,0.0,1228.9947063804568,0.0,1251.8531101762796,0.0,2509.5670086324703,0.0,2457.628222044185,0.0,2505.8700920166198,0.0
2024-03-06,970.9403066167436,0.0,926.652595248528,0.0,934.3072238077169,0.0,1300.2356090672447,0.0,1246.7074631189305,0.0,1258.1008815271057,0.0,2512.645651106664,0.0,2493.0485298979766,0.0,2518.3764342084673,0.0
2024-03-07,976.6956918340294,0.0,928.6324758915995,0.0,939.8120363745817,0.0,1306.5631357037987,0.0,1249.3711711649216,0.0,1265.5134427987496,0.0,2522.609034436035,0.0,2498.375163149631,0.0,2533.2143696218623,0.0
2024-03-08,962.256338709505,0.0,923.4356804931314,0.0,929.853920941437,0.0,1290.0892531519028,0.0,1242.3794639805967,0.0,1252.1042413224625,0.0,2497.2999836541635,0.0,2484.3938035821257,0.0,2506.3727883979104,0.0
2024-03-11,1047.9064865631963,100.0,1026.0798189344946,100.0,1029.6646478408,100.0,1375.0690224756984,100.0,1345.9368566272801,100.0,1351.849373706444,100.0,2681.084692754702,200.0,2691.5075433891348,200.0,2705.862612618331,200.0
2024-03-12,1057.8345517996272,0.0,1038.467643297044,0.0,1041.846131170753,0.0,1383.6930573707355,0.0,1362.1863033811346,0.0,1367.842474610651,0.0,2680.6728757120663,0.0,2724.0020161413663,0.0,2737.8744141091106,0.0
2024-03-13,1042.4624780373763,0.0,1035.5430316267523,0.0,1040.5540498326784,0.0,1352.711322197106,0.0,1358.3500105647963,0.0,1366.146097687041,0.0,2621.415134108144,0.0,2716.3304741942216,0.0,2734.4789449216523,0.0
2024-03-14,1027.65747069615,0.0,1027.6791981725592,0.0,1035.886847182292,0.0,1344.0605755724655,0.0,1348.0348059529679,0.0,1360.0185152813358,0.0,2633.947142290973,0.0,2695.7028712813258,0.0,2722.2139718707895,0.0
2024-03-15,1003.7688479673417,0.0,1028.1633766721973,0.0,1035.5700992985865,0.0,1320.1827218909596,0.0,1348.669916083607,0.0,1359.6026561672952,0.0,2607.1812643161584,0.0,2696.972918757239,0.0,2721.381587989356,0.0
2024-03-18,1127.809923057667,100.0,1130.0072210320957,100.0,1141.8039473973552,100.0,1650.363651030068,300.0,1651.0885369706727,300.0,1667.787091425681,300.0,2743.447182016449,100.0,2801.809502531643,100.0,2837.763559088948,100.0
2024-03-19,1135.7909746692185,0.0,1125.3665843842375,0.0,1149.0611759255862,0.0,1651.7076507376482,0.0,1644.3079590850498,0.0,1678.3874331800591,0.0,2731.417508288184,0.0,2790.3032222037264,0.0,2855.8001920015754,0.0
2024-03-20,1130.7149476287887,0.0,1139.2184124623645,0.0,1160.8241921034871,0.0,1645.0952078485138,0.0,1664.5472939584988,0.0,1695.5691976874007,0.0,2724.105981302444,0.0,2824.6482978938475,0.0,2885.0352097388227,0.0
2024-03-21,1132.5874662273488,0.0,1132.8972727625141,0.0,1156.7905418131315,0.0,1655.5725965432675,0.0,1655.3112810333064,0.0,1689.6774069811986,0.0,2734.4386900153977,0.0,2808.9752747943185,0.0,2875.010243692619,0.0
2024-03-22,1133.6515430993825,0.0,1132.6647495316931,0.0,1162.5531848403416,0.0,1663.838300997599,0.0,1654.9715341415676,0.0,1698.0946678211023,0.0,2761.069839336816,0.0,2808.3987423743943,0.0,2889.3323332456725,0.0
2024-03-25,1439.2505972117262,300.0,1439.2460139719115,300.0,1465.2224180097733,300.0,2070.9579524466003,400.0,2064.5876233786717,400.0,2101.993509328991,400.0,3276.929648706019,500.0,3324.7167347766326,500.0,3395.966267763232,500.0
2024-03-26,1437.7673160729244,0.0,1434.118004946772,0.0,1458.37514746829,0.0,2074.5657216535774,0.0,2057.231532854121,0.0,2092.170483105868,0.0,3274.810574071109,0.0,3312.870825698924,0.0,3380.0962541057074,0.0
2024-03-27,1447.0133182512755,0.0,1437.3530852557385,0.0,1471.427955583345,0.0,2092.6701559695507,0.0,2061.8722313182393,0.0,2110.895911818343,0.0,3291.0941605493426,0.0,3320.343992577381,0.0,3410.348928043444,0.0
2024-03-28,1456.615078745545,0.0,1445.152306508771,0.0,1473.7283032238772,0.0,2105.6898400792297,0.0,2073.060155769435,0.0,2114.195967666633,0.0,3315.291254354473,0.0,3338.360510369654,0.0,3415.6804755923736,0.0
2024-03-29,1469.919671711558,0.0,1447.683979522329,0.0,1476.3100367600482,0.0,2121.9021272014566,0.0,2076.6918217386246,0.0,2117.899696922441,0.0,3333.934923710015,0.0,3344.208777832928,0.0,3421.664195124251,0.0
2024-04-01,1577.5574504912126,100.0,1550.385501578454,100.0,1573.9800075287135,100.0,2238.661432436131,100.0,2180.5671348867695,100.0,2214.5570601591676,100.0,3571.0884043040182,200.0,3550.449403481478,200.0,3616.263854141712,200.0
2024-04-02,1601.738292515646,0.0,1563.323745583819,0.0,1572.057852561042,0.0,2275.0711988758267,0.0,2198.764357211489,0.0,2211.852628187976,0.0,3621.399376345802,0.0,3580.078538083277,0.0,3611.8476484094904,0.0
2024-04-03,1607.2221422662194,0.0,1559.907804721143,0.0,1569.2052501542328,0.0,2282.8392200117487,0.0,2193.9599467134003,0.0,2207.8390760655793,0.0,3628.1226456846375,0.0,3572.2558867582566,0.0,3605.293713210416,0.0
2024-04-04,1592.7707362777803,0.0,1544.2348820629638,0.0,1540.069952381163,0.0,2263.306523869048,0.0,2171.9164871859134,0.0,2166.8463194393394,0.0,3599.3905903182726,0.0,3536.3642205591786,0.0,3538.3545375458953,0.0
2024-04-05,1601.4844098950434,0.0,1547.7959118669241,0.0,1556.3445895013635,0.0,2270.703017150375,0.0,2176.924960593954,0.0,2189.7443946141675,0.0,3609.35165120098,0.0,3544.51913179279,0.0,3575.745979416533,0.0
2024-04-08,1601.3669309605648,0.0,1558.8725743564758,0.0,1558.1597041083314,0.0,2277.0748687096225,0.0,2192.50392864052,0.0,2192.298223029161,0.0,3631.207520301316,0.0,3569.8851647494685,0.0,3579.9162568742545,0.0
2024-04-09,1604.769048604555,0.0,1564.591507661493,0.0,1555.1978848868182,0.0,2281.872905279482,0.0,2200.5474236285945,0.0,2188.131005125158,0.0,3641.8473560118596,0.0,3582.9817677044603,0.0,3573.1113929356866,0.0
2024-04-10,1606.9056943540384,0.0,1543.8767909132205,0.0,1540.2443627692173,0.0,2283.2380590459416,0.0,2171.4128435491343,0.0,2167.0917112196566,0.0,3628.2192613789334,0.0,3535.5441764426005,0.0,3538.755250375214,0.0
2024-04-11,1627.232931169533,0.0,1570.2401472855508,0.0,1568.855331758304,0.0,2307.359126169397,0.0,2208.4920528246876,0.0,2207.346748176739,0.0,3662.612679613014,0.0,3595.9173951102243,0.0,3604.4897657390097,0.0
2024-04-12,1651.870486304553,0.0,1536.4035474768448,0.0,1549.3443323453212,0.0,2329.1772886575177,0.0,2160.901968020578,0.0,2179.895178719625,0.0,3695.1362365524487,0.0,3518.430127921288,0.0,3559.6626894115725,0.0
2024-04-15,1731.965962650998,100.0,1637.6171956955857,100.0,1641.028011704232,100.0,2405.924572263119,100.0,2262.6089250428195,100.0,2268.194288935652,100.0,3951.7500198067264,300.0,3821.209434480772,300.0,3840.555706101764,300.0
2024-04-16,1704.906468322986,0.0,1619.6957300285762,0.0,1641.7160306510193,0.0,2372.577909324763,0.0,2237.8477853365393,0.0,2269.1452542053803,0.0,3901.1600804047457,0.0,3779.391557954743,0.0,3842.1659010973062,0.0
2024-04-17,1726.5494099679656,0.0,1619.126387006445,0.0,1632.6588145870107,0.0,2393.696782742033,0.0,2237.0611542443216,0.0,2256.6265612863576,0.0,3942.974489690002,0.0,3778.063055217142,0.0,3820.9689790533607,0.0
2024-04-18,1719.3927406845735,0.0,1618.3462241954012,0.0,1621.9789178532476,0.0,2386.218009853432,0.0,2235.9832446181317,0.0,2241.865033387277,0.0,3933.2797200154014,0.0,3776.242626424731,0.0,3795.9744402344686,0.0
2024-04-19,1697.4348107918236,0.0,1615.6698048858336,0.0,1611.6301717220183,0.0,2352.508150348223,0.0,2232.285377843832,0.0,2227.5612148631053,0.0,3884.3836304907927,0.0,3769.9974802799375,0.0,3771.7549048445667,0.0
2024-04-22,1676.759374610624,0.0,1631.0094859502767,0.0,1624.325202882135,0.0,2430.103045777037,100.0,2353.4794025371166,100.0,2345.108019043086,100.0,3949.135322005305,100.0,3905.791030909136,100.0,3901.4655337999443,100.0
2024-04-23,1675.3531959288941,0.0,1645.0669195099915,0.0,1644.2486603054067,0.0,2424.312372798656,0.0,2373.763699238216,0.0,2373.87236973313,0.0,3958.103288241487,0.0,3939.4544757806075,0.0,3949.319671821754,0.0
2024-04-24,1716.1225697899774,0.0,1643.0019364885268,0.0,1635.7463538341005,0.0,2479.2524631107235,0.0,2370.784013927082,0.0,2361.597224921707,0.0,4032.783973065804,0.0,3934.509444967671,0.0,3928.8979880377756,0.0
2024-04-25,1703.6005918090104,0.0,1647.3304435854125,0.0,1630.2125843370527,0.0,2468.4623618855435,0.0,2377.029871099593,0.0,2353.607884363525,0.0,4016.082441051916,0.0,3944.874954391053,0.0,3915.6064310722018,0.0
2024-04-26,1730.428740255969,0.0,1661.7354797064095,0.0,1641.0964445609802,0.0,2507.9680652825655,0.0,2397.8157439566216,0.0,2369.3213805550445,0.0,4060.9208778239004,0.0,3979.37080580453,0.0,3941.7483670976994,0.0
2024-04-29,1946.5753093220228,200.0,1881.4455335595505,200.0,1850.4073456691913,200.0,2621.9349810823574,100.0,2526.2565385478542,100.0,2482.763928152434,100.0,4086.7965410845686,0.0,4026.5706242123797,0.0,3964.1122137571306,0.0
2024-04-30,1932.9110482556848,0.0,1853.6653058519562,0.0,1819.5931024422819,0.0,2609.473536568794,0.0,2488.955441791743,0.0,2441.419252486213,0.0,4080.6604537201756,0.0,3967.116844219237,0.0,3898.0991176573098,0.0
2024-05-02,1929.536993517336,0.0,1902.3697009625218,0.0,1829.6482892323497,0.0,2608.9633821324387,0.0,2554.3518587538124,0.0,2454.9106899859844,0.0,4095.387098230732,0.0,4071.3514250902595,0.0,3919.640260400505,0.0
2024-05-03,1931.583990681443,0.0,1917.4865860304988,0.0,1850.3413568423057,0.0,2618.7385943371874,0.0,2574.6496186752506,0.0,2482.6753883617566,0.0,4097.2623640359025,0.0,4103.703786218222,0.0,3963.9708464440137,0.0
2024-05-06,2029.0772040435297,100.0,2014.822587026902,100.0,1965.0957780773315,100.0,2820.1379964092303,200.0,2771.0726111129916,200.0,2702.471972561891,200.0,4196.711918409448,100.0,4198.002435879092,100.0,4095.5791199204305,100.0
2024-05-07,2021.3107245570784,0.0,2001.701683918091,0.0,1965.5495696323178,0.0,2795.5792051743683,0.0,2753.026865809161,0.0,2703.096043394681,0.0,4160.062080538316,0.0,4170.664255551761,0.0,4096.524895306105,0.0
2024-05-08,2041.8641154524446,0.0,2005.3442934457842,0.0,1968.850949488434,0.0,2817.1499870309913,0.0,2758.0367041741674,0.0,2707.6362223678725,0.0,4195.879832625014,0.0,4178.253848684512,0.0,4103.4055077202565,0.0
2024-05-09,2014.4972602827054,0.0,2012.1803450460534,0.0,1980.8549171687403,0.0,2776.5773404813717,0.0,2767.438621484224,0.0,2724.144520119805,0.0,4140.590022591418,0.0,4192.497167900064,0.0,4128.423728173492,0.0
2024-05-10,2027.8710227220392,0.0,2009.2996037043715,0.0,1976.3729117045111,0.0,2795.526691380093,0.0,2763.4766133734183,0.0,2717.9807013975446,0.0,4159.7343099705995,0.0,4186.494972348263,0.0,4119.082500026015,0.0
2024-05-13,2150.942906066885,100.0,2127.2012546133024,100.0,2079.3456217447656,100.0,2923.7834039871213,100.0,2888.0975278136543,100.0,2822.0688815544436,100.0,4370.67838245163,200.0,4423.794124445244,200.0,4325.27811110323,200.0
2024-05-14,2177.4795337573214,0.0,2134.0433044709644,0.0,2084.4082899643904,0.0,2958.59504317413,0.0,2897.3869672760634,0.0,2828.9398886111007,0.0,4427.3986064033825,0.0,4438.023064886984,0.0,4335.809043433636,0.0
2024-05-15,2167.321053242505,0.0,2152.6553751838323,0.0,2106.120150790829,0.0,2946.769976752337,0.0,2922.6565440482427,0.0,2858.4070277716987,0.0,4411.246338949613,0.0,4476.729308071441,0.0,4380.972211789032,0.0
2024-05-16,2185.3957709163533,0.0,2142.201817320063,0.0,2087.262264494816,0.0,2969.631495178869,0.0,2908.463766304372,0.0,2832.81327677074,0.0,4430.980209000268,0.0,4454.989762855867,0.0,4341.745638791814,0.0
2024-05-17,2183.576554605318,0.0,2155.8947922880184,0.0,2094.4967316017596,0.0,2974.0692708821925,0.0,2927.054695144603,0.0,2842.6318294363637,0.0,4456.509413856861,0.0,4483.466100991738,0.0,4356.794162661983,0.0
2024-05-20,2180.689101133372,0.0,2146.500454141694,0.0,2095.4285614366463,0.0,3066.6623553366985,100.0,3014.300018210766,100.0,2943.8965003753538,100.0,4645.261130535364,200.0,4663.929342161499,200.0,4558.732475920712,200.0
2024-05-21,2214.7843632575396,0.0,2136.093797254024,0.0,2103.3999408567493,0.0,3099.9824395652827,0.0,2999.6860981505633,0.0,2955.0956013181767,0.0,4684.641026268558,0.0,4641.317694295989,0.0,4576.074697416153,0.0
2024-05-22,2220.136580479386,0.0,2130.306511103985,0.0,2098.4370231525345,0.0,3101.6149909963738,0.0,2991.5590946301145,0.0,2948.1231297531854,0.0,4684.122917604993,0.0,4628.743043480252,0.0,4565.277567640461,0.0
2024-05-23,2221.033311110187,0.0,2120.3873191732855,0.0,2088.8760282196513,0.0,3103.460647836474,0.0,2977.629714666718,0.0,2934.6907560416594,0.0,4701.568105080763,0.0,4607.190562460806,0.0,4544.477040767444,0.0
2024-05-24,2233.8456621634737,0.0,2128.780774760334,0.0,2105.1326387489903,0.0,3116.5606172780003,0.0,2989.416524811609,0.0,2957.5298924961494,0.0,4714.870645982628,0.0,4625.427914201883,0.0,4579.844287225936,0.0
2024-05-27,2336.7597699967787,100.0,2221.9216298459423,100.0,2198.349690497862,100.0,3308.6408222001364,200.0,3179.7843252933335,200.0,3148.0004349015494,200.0,4806.904122708094,100.0,4710.524322093787,100.0,4665.087570130456,100.0
2024-05-28,2330.3552272688057,0.0,2215.910441689082,0.0,2196.9979378036,0.0,3295.7896073312636,0.0,3171.1817348055233,0.0,3146.0647473774907,0.0,4785.908570157678,0.0,4697.780466668276,0.0,4662.219034374226,0.0
2024-05-29,2321.0327529767355,0.0,2184.9142935873583,0.0,2183.6282382106647,0.0,3283.9271383341093,0.0,3126.823254940882,0.0,3126.9195584591926,0.0,4773.3236105832375,0.0,4632.0679286727245,0.0,4633.847379192626,0.0
2024-05-30,2308.1394244388525,0.0,2188.8141455308064,0.0,2179.193478667753,0.0,3266.996713173213,0.0,3132.4043195086733,0.0,3120.569056066369,0.0,4746.019910670322,0.0,4640.335703370723,0.0,4624.436437107489,0.0
2024-05-31,2284.203107315837,0.0,2160.829218840867,0.0,2192.224931103916,0.0,3242.424059459516,0.0,3092.35518814515,0.0,3139.2298806448043,0.0,4707.660453169397,0.0,4581.007023162451,0.0,4652.090302661027,0.0
2024-06-03,2334.9990610604295,0.0,2180.0312918731115,0.0,2190.4459460008993,0.0,3401.039041929437,100.0,3219.8352081516628,100.0,3236.68240337029,100.0,4989.603428285807,200.0,4821.715854130213,200.0,4848.315142900319,200.0
2024-06-04,2200.3925387613995,0.0,2138.8653390944833,0.0,2181.971145327438,0.0,3228.338155195337,0.0,3159.0344367921607,0.0,3224.1597304132415,0.0,4735.525068957821,0.0,4730.666460526076,0.0,4829.557088398577,0.0
2024-06-05,2258.996278611901,0.0,2178.3770353603527,0.0,2213.081513016919,0.0,3316.4585393056705,0.0,3217.391925166253,0.0,3270.1295384547316,0.0,4875.756477095042,0.0,4818.0570282756935,0.0,4898.416521814628,0.0
2024-06-06,2300.8417888393096,0.0,2190.666089623441,0.0,2214.533214566193,0.0,3375.9018115584604,0.0,3235.5424580226786,0.0,3272.274625334441,0.0,4954.164414238736,0.0,4845.237522424329,0.0,4901.629706151436,0.0
2024-06-07,2306.164312297554,0.0,2161.9790988188342,0.0,2207.8000550118954,0.0,3387.2272977003236,0.0,3193.1727070228044,0.0,3262.325464485133,0.0,4966.961631509862,0.0,4781.788654105097,0.0,4886.726585859306,0.0
2024-06-10,2333.5066402635152,0.0,2198.150137535499,0.0,2238.362909329625,0.0,3432.8751943171897,0.0,3246.596153011631,0.0,3307.486246903693,0.0,5049.348468814592,0.0,4861.790474028815,0.0,4954.374157656013,0.0
2024-06-11,2322.118142736992,0.0,2193.7985184836216,0.0,2246.8008087041544,0.0,3416.810112398611,0.0,3240.1689534168677,0.0,3319.954393162591,0.0,5052.240066499714,0.0,4852.165717424727,0.0,4973.0505351244865,0.0
2024-06-12,2342.6959248737157,0.0,2220.747072907883,0.0,2270.301648487611,0.0,3459.0020052040227,0.0,3279.971090508888,0.0,3354.6800866819453,0.0,5099.947795324992,0.0,4911.769573845387,0.0,5025.067101705839,0.0
2024-06-13,2356.903677469975,0.0,2200.5748875261966,0.0,2259.5529840804547,0.0,3475.337322359971,0.0,3250.177429766748,0.0,3338.797470171872,0.0,5119.3910741078735,0.0,4867.153450017293,0.0,5001.276095812124,0.0
2024-06-14,2423.475153401474,0.0,2218.43049764395,0.0,2276.5745439200264,0.0,3567.874627322087,0.0,3276.5495843016365,0.0,3363.9491445655,0.0,5250.338017710206,0.0,4906.645854879043,0.0,5038.951477154745,0.0
2024-06-17,2431.3765658421476,0.0,2240.262520806672,0.0,2302.5546875011264,0.0,3576.428968745702,0.0,3308.7947713806334,0.0,3402.338347330126,0.0,5358.704427182153,100.0,5054.933149012784,100.0,5196.455714485474,100.0
2024-06-18,2432.3391181920097,0.0,2252.7146411208246,0.0,2300.128590208997,0.0,3571.487287546661,0.0,3327.1861474829466,0.0,3398.753457947835,0.0,5359.964621939256,0.0,5083.030139953311,0.0,5190.980445122268,0.0
2024-06-19,2427.388622491586,0.0,2252.3759072640532,0.0,2299.782726860746,0.0,3565.2450837510173,0.0,3326.68584861004,0.0,3398.2423977158774,0.0,5355.275049942257,0.0,5082.265820153562,0.0,5190.199893163087,0.0
2024-06-20,2448.829181791536,0.0,2246.767308749121,0.0,2291.5636344328823,0.0,3591.610653568616,0.0,3318.4021312918135,0.0,3386.0975685401063,0.0,5420.83644535015,0.0,5069.610566454802,0.0,5171.650865838568,0.0
2024-06-21,2440.4633515665832,0.0,2248.3326613059053,0.0,2298.1368580358735,0.0,3577.5439183578314,0.0,3320.7141060301083,0.0,3395.810402224983,0.0,5416.533101470409,0.0,5073.142631315812,0.0,5186.485460447664,0.0
2024-06-24,2440.6749172098525,0.0,2252.256285415013,0.0,2294.6639793546406,0.0,3572.005612779379,0.0,3326.509171035438,0.0,3390.678750682927,0.0,5393.251471501853,0.0,5081.995905157242,0.0,5178.647791980214,0.0
2024-06-25,2431.987031928555,0.0,2237.5641467856935,0.0,2293.8491738980397,0.0,3554.60300969116,0.0,3304.80936084552,0.0,3389.4747645775565,0.0,5366.834932138817,0.0,5048.844532093832,0.0,5176.808921227597,0.0
2024-06-26,2446.435429148036,0.0,2237.650335101863,0.0,2301.6672370874653,0.0,3567.274809139476,0.0,3304.936658181099,0.0,3401.027018400505,0.0,5383.310169834159,0.0,5049.039007594991,0.0,5194.452897006947,0.0
2024-06-27,2455.7746245289486,0.0,2245.4179432540036,0.0,2311.6655005851953,0.0,3575.7882055814066,0.0,3316.4091624082744,0.0,3415.8008153008327,0.0,5382.312211328782,0.0,5066.565855262229,0.0,5217.017196465172,0.0
2024-06-28,2463.5212773479766,0.0,2243.6849640757896,0.0,2296.470409494758,0.0,3592.026522521775,0.0,3313.8496086102123,0.0,3393.3479973986978,0.0,5422.860755238454,0.0,5062.655557333685,0.0,5182.724582979094,0.0
2024-07-01,2480.016659290767,0.0,2243.3416911197546,0.0,2295.454971084155,0.0,3606.253935380746,0.0,3313.3426056355447,0.0,3391.8475487611477,0.0,5447.710557260482,0.0,5061.880995500638,0.0,5180.432919393369,0.0
2024-07-02,2465.3064147442087,0.0,2249.7868843641318,0.0,2310.5059563597806,0.0,3586.7231539003374,0.0,3322.861946118844,0.0,3414.087430682882,0.0,5426.637862525553,0.0,5076.423943338316,0.0,5214.40031172881,0.0
2024-07-03,2473.572252258598,0.0,2280.4850981123277,0.0,2318.3741717803955,0.0,3608.9685375258314,0.0,3368.2022078950313,0.0,3425.7137912622543,0.0,5449.566085717448,0.0,5145.6914585737,0.0,5232.157472159007,0.0
2024-07-04,2495.5879195656503,0.0,2270.999283891273,0.0,2308.7307556902824,0.0,3637.064195352225,0.0,3354.1919692710276,0.0,3411.4643297659627,0.0,5485.646834274595,0.0,5124.287647053379,0.0,5210.394000081384,0.0
2024-07-05,2495.1477224244754,0.0,2276.7401173719686,0.0,2318.3100243914564,0.0,3638.6778050640937,0.0,3362.6709933264106,0.0,3425.619004752968,0.0,5475.657039078368,0.0,5137.241276012042,0.0,5232.0127029304485,0.0
2024-07-08,2498.3780600464906,0.0,2274.0364641670367,0.0,2317.6976275594598,0.0,3733.182141850518,100.0,3458.677785608556,100.0,3524.7141049750844,100.0,5583.726740738554,100.0,5231.140747131112,100.0,5330.63063238314,100.0
2024-07-09,2519.0830166358073,0.0,2282.377951308496,0.0,2318.897053630845,0.0,3753.77197599824,0.0,3471.364704543109,0.0,3526.53817121281,0.0,5605.746018600361,0.0,5250.329310711751,0.0,5333.3892740978235,0.0
2024-07-10,2524.8366412104133,0.0,2298.830262107451,0.0,2345.3432649373685,0.0,3761.4121982366287,0.0,3496.3877166095035,0.0,3566.757107844941,0.0,5606.260181045741,0.0,5288.175824943616,0.0,5394.214716737413,0.0
2024-07-11,2517.8982350606443,0.0,2308.441542812975,0.0,2321.1472026299125,0.0,3751.8012758575965,0.0,3511.005918028547,0.0,3529.9601585423907,0.0,5599.966476778151,0.0,5310.285392192442,0.0,5338.564545038788,0.0
2024-07-12,2473.906141054784,0.0,2309.402907568322,0.0,2327.311078290031,0.0,3724.8509622106494,0.0,3512.4680981543197,0.0,3539.3340730781756,0.0,5572.815464248307,0.0,5312.496893381537,0.0,5352.741262492062,0.0
2024-07-15,2576.7734840799044,100.0,2382.3338470494314,100.0,2430.9708736493,100.0,3833.716768208623,100.0,3571.297624518896,100.0,3644.899825992079,100.0,5586.949187236272,0.0,5250.227854296979,0.0,5361.158675108096,0.0
2024-07-16,2555.087181955633,0.0,2392.3365301151002,0.0,2441.7931600262386,0.0,3805.615218929972,0.0,3586.292398788456,0.0,3661.1263263420906,0.0,5556.086955974298,0.0,5272.271937377158,0.0,5385.025680312946,0.0
2024-07-17,2543.8872301859546,0.0,2353.2405635832347,0.0,2407.346929041757,0.0,3793.6617797137096,0.0,3527.6846043450164,0.0,3609.479034849477,0.0,5543.116965860612,0.0,5186.111581333656,0.0,5309.059443091021,0.0
2024-07-18,2473.0880197024626,0.0,2323.065053991684,0.0,2380.616375507712,0.0,3702.357797448108,0.0,3482.449245809343,0.0,3569.400319394259,0.0,5428.422547262113,0.0,5119.6102800272165,0.0,5250.109029277812,0.0
2024-07-19,2433.8097354027245,0.0,2308.613015154958,0.0,2373.1903969864557,0.0,3634.0263771103478,0.0,3460.7845525796433,0.0,3558.266106264295,0.0,5340.872934758891,0.0,5087.7606310177225,0.0,5233.732095435477,0.0
2024-07-22,2524.392171627577,100.0,2428.565970070794,100.0,2498.180283460516,100.0,3633.11647496749,0.0,3490.6955327646046,0.0,3595.734935631275,0.0,5349.381268412814,0.0,5131.733292449872,0.0,5288.843716933129,0.0
2024-07-23,2538.3979852616208,0.0,2409.2271277486093,0.0,2496.409349311,0.0,3651.515725351533,0.0,3462.898877728332,0.0,3593.1859563473236,0.0,5374.940825507078,0.0,5090.868937845044,0.0,5285.094510355933,0.0
2024-07-24,2553.027304141009,0.0,2382.81936367419,0.0,2448.629339415798,0.0,3679.467315526364,0.0,3424.9417189684277,0.0,3524.4141979828714,0.0,5412.683126511317,0.0,5035.0674468623165,0.0,5183.940479639144,0.0
2024-07-25,2552.059422578352,0.0,2375.6439547839864,0.0,2438.381579844039,0.0,3673.751695108034,0.0,3414.6281561220944,0.0,3509.664170793849,0.0,5423.2693207339535,0.0,5019.905295558797,0.0,5162.245168382961,0.0
2024-07-26,2559.8564315088456,0.0,2397.4052684898343,0.0,2463.0187828997105,0.0,3691.074745396292,0.0,3445.906746646806,0.0,3545.125523335149,0.0,5439.530751589332,0.0,5065.888505159847,0.0,5214.404060776145,0.0
2024-07-29,2572.053571330642,0.0,2388.9372776789837,0.0,2463.9043278486683,0.0,3704.088756737317,0.0,3433.7352931803534,0.0,3546.4001250647043,0.0,5439.3030107801305,0.0,5047.995035968671,0.0,5216.278828930535,0.0
2024-07-30,2578.8435752652435,0.0,2385.723724905763,0.0,2459.1904856355036,0.0,3713.0596999023032,0.0,3429.116298082823,0.0,3539.615295627394,0.0,5471.1669975063205,0.0,5041.204569513728,0.0,5206.299255023573,0.0
2024-07-31,2587.945641425352,0.0,2438.710002655749,0.0,2499.9478733233404,0.0,3731.1403724058873,0.0,3505.2760422771757,0.0,3598.279101344096,0.0,5480.159264895407,0.0,5153.16835757779,0.0,5292.585843392939,0.0
2024-08-01,2580.7900308091766,0.0,2394.388400783451,0.0,2462.7601241695284,0.0,3735.3198420780463,0.0,3441.570456525229,0.0,3544.753225051202,0.0,5480.800924532723,0.0,5059.513648294289,0.0,5213.856459944848,0.0
2024-08-02,2509.5082756825213,0.0,2368.290606000013,0.0,2425.043404104845,0.0,3667.4820200048653,0.0,3404.0588316452604,0.0,3490.4659788937133,0.0,5371.721377886031,0.0,5004.36714455497,0.0,5134.007203564878,0.0
2024-08-05,2456.7409767820764,100.0,2375.1227741856464,100.0,2427.8249281270946,100.0,3460.922630422233,0.0,3270.1441929985313,0.0,3350.5353770967135,0.0,5258.695620050489,200.0,5007.496863821679,200.0,5128.188060227271,200.0
2024-08-06,2449.351685842992,0.0,2379.881263527898,0.0,2441.2256602698917,0.0,3456.8835753022263,0.0,3276.6958317008066,0.0,3369.0291435142444,0.0,5245.1255817253605,0.0,5017.529238028535,0.0,5156.49383869459,0.0
2024-08-07,2569.1293106704125,0.0,2399.945512622579,0.0,2430.4050416208934,0.0,3609.084265111721,0.0,3304.3209247599816,0.0,3354.0960792864585,0.0,5455.411420425182,0.0,5059.830909970944,0.0,5133.637920742189,0.0
2024-08-08,2545.8580427839674,0.0,2454.087308449249,0.0,2486.1553508488714,0.0,3585.5561923457863,0.0,3378.8650624969478,0.0,3431.034651416748,0.0,5416.885908759588,0.0,5173.978639827429,0.0,5251.396852543522,0.0
2024-08-09,2623.4836207402295,0.0,2470.3853470335066,0.0,2499.9560314114183,0.0,3679.861891190382,0.0,3401.3047177488106,0.0,3450.080369218358,0.0,5544.587845242705,0.0,5208.339969685459,0.0,5280.547424507728,0.0
2024-08-12,2752.396470740167,100.0,2579.041142997226,100.0,2601.706947719682,100.0,3711.841172654955,0.0,3413.222291532441,0.0,3452.4967325093057,0.0,5801.323750125443,200.0,5426.5890773161445,200.0,5484.245808193665,200.0
2024-08-13,2751.9188122005744,0.0,2602.4145309074847,0.0,2639.067998549126,0.0,3704.4108476394294,0.0,3444.155713769829,0.0,3502.075300927561,0.0,5768.892984039681,0.0,5475.769282090341,0.0,5563.0007143066205,0.0
2024-08-14,2749.4490193192223,0.0,2574.0917938561947,0.0,2632.7722057635724,0.0,3687.3454980379065,0.0,3406.6720940442715,0.0,3493.720707402056,0.0,5740.359278500114,0.0,5416.1750968872275,0.0,5549.729551993859,0.0
2024-08-15,2742.4666592758554,0.0,2598.763282290054,0.0,2673.9527849541755,0.0,3682.4032238112036,0.0,3439.3234825327354,0.0,3548.367836365989,0.0,5726.740494269378,0.0,5468.086649372475,0.0,5636.535800100702,0.0
2024-08-16,2807.205415871882,0.0,2638.744760016794,0.0,2689.834726828017,0.0,3763.386160852464,0.0,3492.236818714229,0.0,3569.44336621127,0.0,5859.943046449904,0.0,5552.212120156838,0.0,5670.014003025875,0.0
2024-08-19,2918.56941394973,100.0,2751.645714661362,100.0,2802.6812651075743,100.0,3872.8474748039653,100.0,3609.310538571104,100.0,3686.4908786042784,100.0,5865.5266757223635,0.0,5579.357161929924,0.0,5697.09375302278,0.0
2024-08-20,2906.878357421147,0.0,2715.159659500415,0.0,2782.6063879620465,0.0,3861.6139598508603,0.0,3561.4520869173816,0.0,3660.0855030064754,0.0,5858.764291618499,0.0,5505.37644119682,0.0,5656.286951834812,0.0
2024-08-21,2890.1682737140154,0.0,2715.6186684588297,0.0,2781.7679035820734,0.0,3845.052568083022,0.0,3562.0541651072003,0.0,3658.982607341133,0.0,5840.137551258625,0.0,5506.307147830264,0.0,5654.5825396411665,0.0
2024-08-22,2886.6508407731403,0.0,2675.435319992845,0.0,2753.147527445665,0.0,3838.136996837261,0.0,3509.3460049248843,0.0,3621.3369581969932,0.0,5839.5047443151,0.0,5424.829633534203,0.0,5596.405047920703,0.0
2024-08-23,2909.238542770338,0.0,2729.454914614738,0.0,2791.9601100903546,0.0,3866.115431652015,0.0,3580.203052806912,0.0,3672.388868264702,0.0,5873.291212109757,0.0,5534.362125501578,0.0,5675.300541631171,0.0
2024-08-26,2903.137186139768,0.0,2689.299157032976,0.0,2767.686361408531,0.0,3853.4852519979386,0.0,3527.531083355352,0.0,3640.460530847553,0.0,5849.23701354472,0.0,5452.94055568873,0.0,5625.958569106744,0.0
2024-08-27,2902.283478707189,0.0,2698.6150685225875,0.0,2777.2547091082474,0.0,3853.7184055795046,0.0,3539.7506860958847,0.0,3653.046202631735,0.0,5856.912802281934,0.0,5471.829905146957,0.0,5645.4084346999025,0.0
2024-08-28,2905.3005820206017,0.0,2678.7021467528107,0.0,2757.8636266160984,0.0,3860.0036591449393,0.0,3513.6310741071575,0.0,3627.5402524462697,0.0,5858.890609145186,0.0,5431.453594308979,0.0,5605.99160328717,0.0
2024-08-29,2904.979392387958,0.0,2692.7022286016495,0.0,2771.243945706294,0.0,3864.002095190932,0.0,3531.9948637071902,0.0,3645.139979141174,0.0,5885.129444919787,0.0,5459.8407723947075,0.0,5633.190176757235,0.0
2024-08-30,2928.0384583294353,0.0,2709.1383744893324,0.0,2808.9341248437945,0.0,3903.6663679526096,0.0,3553.5540180161256,0.0,3694.715542132645,0.0,5935.572085393812,0.0,5493.167420438223,0.0,5709.804127400788,0.0
2024-09-02,2906.1028362693564,0.0,2717.873620825388,0.0,2817.9911489343003,0.0,3970.880482778858,100.0,3665.0119671589787,100.0,3806.628647312541,100.0,5903.841394227211,0.0,5510.879387842534,0.0,5728.214610251402,0.0
2024-09-03,2913.0425262217764,0.0,2658.536759260752,0.0,2754.360457666562,0.0,3980.0156676001243,0.0,3584.997095951685,0.0,3720.6743630630413,0.0,5908.166108184374,0.0,5390.565372933883,0.0,5598.870607337092,0.0
2024-09-04,2879.6837207083327,0.0,2662.3827132114143,0.0,2753.347136158304,0.0,3935.9051222263697,0.0,3590.183307387829,0.0,3719.305537371828,0.0,5842.409219231554,0.0,5398.363597321836,0.0,5596.810798501042,0.0
2024-09-05,2866.918949861462,0.0,2658.5413585377833,0.0,2738.8209588954387,0.0,3914.2736916402973,0.0,3585.003298008038,0.0,3699.683132764321,0.0,5830.304813445226,0.0,5390.574698629086,0.0,5567.283004966377,0.0
2024-09-06,2846.1055570223575,0.0,2602.6171159450696,0.0,2685.29644982777,0.0,3893.925234780864,0.0,3509.590292492958,0.0,3627.3805885823135,0.0,5775.585695582804,0.0,5277.180259158682,0.0,5458.482139866463,0.0
2024-09-09,2838.4271907154966,0.0,2630.0770889406385,0.0,2721.2141943781376,0.0,3892.0982599258828,0.0,3546.619655769996,0.0,3675.8993766572826,0.0,5879.640171825617,100.0,5432.859301043653,100.0,5631.493209890051,100.0
2024-09-10,2851.6703391979754,0.0,2631.883036203903,0.0,2745.3707451275736,0.0,3914.384090771469,0.0,3549.0549486700065,0.0,3708.5307843669334,0.0,5906.780885317511,0.0,5436.589783860176,0.0,5681.484662896895,0.0
2024-09-11,2848.8496233327983,0.0,2655.302299253732,0.0,2777.697882066463,0.0,3915.329905479039,0.0,3580.6354749615866,0.0,3752.1992698423796,0.0,5903.480258026135,0.0,5484.966145761834,0.0,5748.384965174697,0.0
2024-09-12,2900.865225100688,0.0,2679.7324832439135,0.0,2803.658584679305,0.0,3990.4477255064776,0.0,3613.5792130360305,0.0,3787.267781078753,0.0,6009.832705441577,0.0,5535.430732094825,0.0,5802.110070971304,0.0
2024-09-13,2891.562143789862,0.0,2676.029555997349,0.0,2801.2642144077845,0.0,3979.3592069315123,0.0,3608.585870973254,0.0,3784.033392471362,0.0,5986.229878265291,0.0,5527.78172331969,0.0,5797.154974105394,0.0
2024-09-16,2899.049416126204,0.0,2682.2189023214287,0.0,2802.728366336864,0.0,3980.639245158917,0.0,3616.932112009934,0.0,3786.0112136860807,0.0,5986.422349282384,0.0,5540.566842009006,0.0,5800.185004473417,0.0
2024-09-17,2878.792121310971,0.0,2675.4243308731216,0.0,2793.5205214837847,0.0,3955.0118600178985,0.0,3607.769733936519,0.0,3773.572975187355,0.0,5952.273332962145,0.0,5526.531530707765,0.0,5781.129571102914,0.0
2024-09-18,2844.3482804044356,0.0,2667.63880078427,0.0,2786.8470243300444,0.0,3903.796618729393,0.0,3597.271062943256,0.0,3764.558211087478,0.0,5889.240510011812,0.0,5510.44923040766,0.0,5767.3189148211895,0.0
2024-09-19,2847.1238559659264,0.0,2726.294686957595,0.0,2836.515330191983,0.0,3907.3141970543975,0.0,3676.367649010515,0.0,3831.651678016584,0.0,5893.8434961186,0.0,5631.612666299975,0.0,5870.106386599819,0.0
2024-09-20,2857.366394427424,0.0,2709.199114459363,0.0,2819.652513996087,0.0,3925.6558394208296,0.0,3653.3145249390486,0.0,3808.8728700597385,0.0,5909.06216300453,0.0,5596.298933313124,0.0,5835.209157597044,0.0
2024-09-23,2891.871401178531,0.0,2730.557043245612,0.0,2826.9823550138535,0.0,4063.3845842887195,100.0,3782.11537277669,100.0,3918.7742435289306,100.0,5970.786553084541,0.0,5640.417268302362,0.0,5850.378103138489,0.0
2024-09-24,2935.4981263390764,0.0,2836.059699369973,0.0,2847.6013127454644,0.0,4125.973609320639,0.0,3928.247905910819,0.0,3947.356325176431,0.0,6041.04668677536,0.0,5858.350457036731,0.0,5893.0485848302515,0.0
2024-09-25,2930.3973581094046,0.0,2786.2357838020002,0.0,2821.1466673410864,0.0,4118.617860591117,0.0,3859.2364207020823,0.0,3910.684789944348,0.0,6010.063381628442,0.0,5755.430917436125,0.0,5838.301275238604,0.0
2024-09-26,2977.756736006992,0.0,2903.8968207696034,0.0,2847.6408249088786,0.0,4175.991892084275,0.0,4022.209619812792,0.0,3947.4110970953357,0.0,6091.647565716996,0.0,5998.4792530715495,0.0,5893.130354387546,0.0
2024-09-27,2982.1273306851444,0.0,2886.33186902169,0.0,2831.768518072905,0.0,4176.776158027514,0.0,3997.880271267522,0.0,3925.40884189771,0.0,6090.594759676347,0.0,5962.195939598609,0.0,5860.2829628236095,0.0
2024-09-30,2939.5823151180643,0.0,2841.760217441867,0.0,2844.9908759974705,0.0,4123.659186334736,0.0,3936.14373694128,0.0,3943.737727319159,0.0,6015.824069248913,0.0,5870.125820107984,0.0,5887.646343120817,0.0
2024-10-01,2970.08510241354,0.0,2870.7450528043973,0.0,2827.913004073067,0.0,4159.303220513547,0.0,3976.29085332297,0.0,3920.064312975788,0.0,6056.930040550099,0.0,5929.99879229222,0.0,5852.304060995308,0.0
2024-10-02,2991.098765611576,0.0,2946.5365563085156,0.0,2847.6957518990253,0.0,4188.029126275408,0.0,4081.2702425057946,0.0,3947.48723710869,0.0,6097.908156275129,0.0,6086.558680397357,0.0,5893.244024591342,0.0
2024-10-03,2960.901854308573,0.0,2915.5624250431433,0.0,2846.452146230886,0.0,4145.220687327129,0.0,4038.367737206758,0.0,3945.763345959256,0.0,6026.94614335896,0.0,6022.5764884515675,0.0,5890.6704098827395,0.0
2024-10-04,2921.6864543073716,0.0,2945.946240591153,0.0,2875.6830742141196,0.0,4100.843143794524,0.0,4080.4525917063174,0.0,3986.283375202447,0.0,5961.071037723551,0.0,6085.339285631664,0.0,5951.163175500547,0.0
2024-10-07,2911.992500040168,0.0,2986.927965032046,0.0,2865.5347161280483,0.0,4089.9262045119895,0.0,4137.216690590172,0.0,3972.215680647768,0.0,5942.048251812423,0.0,6169.99381676223,0.0,5930.161370581511,0.0
2024-10-08,2966.5880987240826,0.0,2912.818204220059,0.0,2892.318659749999,0.0,4153.13338700145,0.0,4034.566696028382,0.0,4009.343690385669,0.0,6024.042620478567,0.0,6016.907846385712,0.0,5985.590155626328,0.0
2024-10-09,2987.5778603556832,0.0,2897.0527053249602,0.0,2912.352255637256,0.0,4185.884246521179,0.0,4012.72978334489,0.0,4037.1143411040975,0.0,6064.851629612655,0.0,5984.341600450186,0.0,6027.049243794339,0.0
2024-10-10,2976.734586831724,0.0,2911.330445348699,0.0,2915.870652207287,0.0,4174.500958345521,0.0,4032.5059898760333,0.0,4041.9915564969374,0.0,6059.920564558298,0.0,6013.834634328178,0.0,6034.3304884809095,0.0
2024-10-11,3031.6873939410075,0.0,2934.7374009468695,0.0,2935.86769553609,0.0,4237.262687815368,0.0,4064.927142481772,0.0,4069.71153791269,0.0,6129.618596479877,0.0,6062.185573152507,0.0,6075.713931929309,0.0
2024-10-14,3051.400585327581,0.0,2924.978414007409,0.0,2962.1760890218634,0.0,4267.485700756829,0.0,4051.4098952893864,0.0,4106.18033815045,0.0,6476.754128394525,300.0,6342.0267712733685,300.0,6430.15857637675,300.0
2024-10-15,3063.3688079519516,0.0,2867.1472064893837,0.0,2943.5278645822377,0.0,4280.92232664856,0.0,3971.30744896943,0.0,4080.3300948718024,0.0,6502.001729158289,0.0,6216.635395891597,0.0,6389.677849805815,0.0
2024-10-16,3070.1275748124567,0.0,2896.00440445857,0.0,2963.1265081270426,0.0,4297.632080379078,0.0,4011.277773824754,0.0,4107.497812914071,0.0,6517.287656441048,0.0,6279.204446380341,0.0,6432.22170340791,0.0
2024-10-17,3051.1537230601407,0.0,2897.3119154395213,0.0,2969.2833326100117,0.0,4245.958011071808,0.0,4013.088817250257,0.0,4116.032427628944,0.0,6439.897759733693,0.0,6282.0394312832095,0.0,6445.586660980532,0.0
2024-10-18,3058.084785666004,0.0,2934.88522069194,0.0,2989.7708210922597,0.0,4260.07430959059,0.0,4065.1318887373445,0.0,4144.43226607733,0.0,6463.433767424779,0.0,6363.507009524099,0.0,6490.059979180885,0.0
2024-10-21,3038.592038476464,0.0,2903.954490861933,0.0,2974.1290749437435,0.0,4326.974424312119,100.0,4122.289499097235,100.0,4222.749615026498,100.0,6399.6070082110755,0.0,6296.442064464157,0.0,6456.105580413321,0.0
2024-10-22,3013.0934533128852,0.0,2911.190682306336,0.0,2986.506209894646,0.0,4285.641659463339,0.0,4132.561587071957,0.0,4240.323008962012,0.0,6328.848139716061,0.0,6312.13179387983,0.0,6482.97330807829,0.0
2024-10-23,3009.9349582401114,0.0,2899.4253924000604,0.0,2964.8513417075587,0.0,4284.594830043112,0.0,4115.860247162157,0.0,4209.576836218248,0.0,6329.708659802576,0.0,6286.621936029234,0.0,6435.965894538777,0.0
2024-10-24,2987.3702297264012,0.0,2899.4398092153842,0.0,2975.883263999386,0.0,4257.77265250113,0.0,4115.880712457534,0.0,4225.240260513879,0.0,6283.878943339837,0.0,6286.653195004788,0.0,6459.9134950887965,0.0
2024-10-25,2949.1032574260184,0.0,2885.191235577988,0.0,2962.8612066157534,0.0,4224.929400805452,0.0,4095.6542434590074,0.0,4206.751188110515,0.0,6215.00507006919,0.0,6255.759006169725,0.0,6431.645798823958,0.0
2024-10-28,3058.4257496679847,100.0,3005.38322409763,100.0,3079.612827989442,100.0,4236.972326162874,0.0,4124.317647965635,0.0,4230.535597234772,0.0,6340.541023537272,100.0,6399.539887130609,100.0,6568.009464793528,100.0
2024-10-29,3048.2260674245754,0.0,2990.5030579516992,0.0,3078.8353952457173,0.0,4209.003809928914,0.0,4103.897446192949,0.0,4229.467619836155,0.0,6298.230652791354,0.0,6367.854671077471,0.0,6566.351403892945,0.0
2024-10-30,3041.500676486181,0.0,2960.322412599525,0.0,3068.425621364408,0.0,4189.613626767594,0.0,4062.480242804406,0.0,4215.167471920225,0.0,6290.133659795424,0.0,6303.5892415635435,0.0,6544.150076259355,0.0
2024-10-31,3027.6890361676415,0.0,2930.694739840334,0.0,2997.5983236632733,0.0,4172.404506661088,0.0,4021.8218892709483,0.0,4117.870369681495,0.0,6262.101535741077,0.0,6240.501289230203,0.0,6393.093957308679,0.0
2024-11-01,3031.9950024930295,0.0,2926.0700236192724,0.0,3002.796478309612,0.0,4174.359414860279,0.0,4015.475344652472,0.0,4125.01119533055,0.0,6270.766950218321,0.0,6230.653608014031,0.0,6404.180262900835,0.0
2024-11-04,3110.1700144734427,100.0,3045.6512843034966,100.0,3099.525069850241,100.0,4254.186970363273,100.0,4142.34690577713,100.0,4220.517185624304,100.0,6335.23242455155,100.0,6372.349142142335,100.0,6497.203203470158,100.0
2024-11-05,3119.331948382542,0.0,3087.310800213018,0.0,3137.140477877077,0.0,4267.670835585404,0.0,4199.007419642703,0.0,4271.736799095346,0.0,6355.50907481219,0.0,6459.512430282464,0.0,6576.052363913827,0.0
2024-11-06,3144.493747244638,0.0,3032.343739786199,0.0,3197.3861289413608,0.0,4312.661501386524,0.0,4124.247504135578,0.0,4353.771239838946,0.0,6415.507530373145,0.0,6344.506059670661,0.0,6702.338884677126,0.0
2024-11-07,3200.6522858864687,0.0,3157.522605639578,0.0,3282.5668495257432,0.0,4391.197470477443,0.0,4294.501495558965,0.0,4469.758911178419,0.0,6523.342071800854,0.0,6606.415045294257,0.0,6880.894127232879,0.0
2024-11-08,3161.248017041396,0.0,3061.8685938022913,0.0,3277.8203296086785,0.0,4342.884207171509,0.0,4164.403837300637,0.0,4463.295737488766,0.0,6439.154921539509,0.0,6406.28026183588,0.0,6870.944504721202,0.0
2024-11-11,3204.742541302688,0.0,3061.31722147,0.0,3305.5240358391225,0.0,4396.0416110436045,0.0,4163.653923649534,0.0,4501.018925917992,0.0,6518.439274289909,0.0,6405.126637641677,0.0,6929.016823806246,0.0
2024-11-12,3172.6148629119807,0.0,3017.506694974018,0.0,3310.8623100256746,0.0,4354.082505656869,0.0,4104.067850941082,0.0,4508.287871139658,0.0,6454.069792991161,0.0,6313.462837398925,0.0,6940.206877561013,0.0
2024-11-13,3164.483571371811,0.0,3011.5301480916532,0.0,3327.3425978825435,0.0,4337.544142564856,0.0,4095.939234702911,0.0,4530.7285149662,0.0,6414.476127863866,0.0,6300.958239910996,0.0,6974.752743990456,0.0
2024-11-14,3169.530450632725,0.0,3009.70744161514,0.0,3322.4088330485574,0.0,4341.648120935337,0.0,4093.4601976010485,0.0,4524.010376282886,0.0,6443.998282039073,0.0,6297.144631271082,0.0,6964.410619967536,0.0
2024-11-15,3170.3675810622995,0.0,3019.4368110727105,0.0,3290.455610599602,0.0,4342.219134235156,0.0,4106.692974339291,0.0,4480.5007670870455,0.0,6450.55942432133,0.0,6317.501176827056,0.0,6897.430494116649,0.0
2024-11-18,3347.521195494037,200.0,3252.823277584651,200.0,3502.78934882584,200.0,4515.0438542299025,200.0,4352.101431625035,200.0,4697.295196224974,200.0,6517.160154489139,100.0,6487.354945816626,100.0,7023.284391635906,100.0
2024-11-19,3378.351961130315,0.0,3231.813014013568,0.0,3495.2999256481307,0.0,4540.232367964015,0.0,4323.990836500905,0.0,4687.251762831828,0.0,6549.463514510331,0.0,6445.4525657426675,0.0,7008.2676881838415,0.0
2024-11-20,3377.207920829055,0.0,3224.225853592349,0.0,3492.297889909734,0.0,4538.293504359642,0.0,4313.839626640012,0.0,4683.225986044082,0.0,6542.644225418637,0.0,6430.320909798588,0.0,7002.248442193021,0.0
2024-11-21,3402.6782621860407,0.0,3236.2708829071316,0.0,3531.4922846712293,0.0,4558.277402868436,0.0,4329.955223723343,0.0,4735.786281253908,0.0,6551.279902914211,0.0,6454.343235584386,0.0,7080.835349241913,0.0
2024-11-22,3471.2103145603437,0.0,3260.7787659178794,0.0,3568.4399509982204,0.0,4650.4309715709305,0.0,4362.745444290251,0.0,4785.333678561049,0.0,6687.145701956837,0.0,6503.221186365447,0.0,7154.91744279079,0.0
2024-11-25,3536.541127300573,0.0,3259.759865159814,0.0,3576.9468191721176,0.0,4724.662627256892,0.0,4361.382210241105,0.0,4796.741521576662,0.0,6880.735784946349,100.0,6601.189114436522,100.0,7271.974179156471,100.0
2024-11-26,3540.831054287659,0.0,3257.268506631163,0.0,3607.869722903106,0.0,4728.999785893977,0.0,4358.0489074164625,0.0,4838.209618194458,0.0,6890.41940538618,0.0,6596.143979371433,0.0,7334.840799445876,0.0
2024-11-27,3524.342783928477,0.0,3247.218555447902,0.0,3580.8584009161073,0.0,4702.6078742995405,0.0,4344.602616855941,0.0,4801.987013756157,0.0,6850.735707160596,0.0,6575.792287499704,0.0,7279.9264700011345,0.0
2024-11-28,3475.8598692039313,0.0,3225.3133445384406,0.0,3556.702509598787,0.0,4636.832985509595,0.0,4315.294630647141,0.0,4769.593586419906,0.0,6758.660183358944,0.0,6531.433056824323,0.0,7230.81726407374,0.0
2024-11-29,3498.3905822336064,0.0,3230.3701236907823,0.0,3578.6079058352293,0.0,4679.928244883284,0.0,4322.06032736973,0.0,4798.969064721889,0.0,6833.359627541637,0.0,6541.673306681779,0.0,7275.351187519789,0.0
2024-12-02,3549.2577771094752,0.0,3248.5804774435364,0.0,3591.120046380654,0.0,4752.546932168789,0.0,4346.42479474916,0.0,4815.748040511059,0.0,7022.6683582364185,100.0,6678.55025281745,100.0,7400.78851370105,100.0
2024-12-03,3598.2923042590146,0.0,3268.9059882616007,0.0,3607.787813275898,0.0,4820.604815160904,0.0,4373.619227763514,0.0,4838.0997761057415,0.0,7124.577759263683,0.0,6720.336179426063,0.0,7435.138414621709,0.0
2024-12-04,3632.09047190445,0.0,3274.174602056278,0.0,3626.8736283705284,0.0,4860.601672583785,0.0,4380.668347768435,0.0,4863.694152082162,0.0,7159.63891619152,0.0,6731.167587862688,0.0,7474.471569543479,0.0
2024-12-05,3648.596423720545,0.0,3294.8977759448744,0.0,3619.763775092186,0.0,4872.90733642911,0.0,4408.394832440958,0.0,4854.159727849252,0.0,7187.064890507343,0.0,6773.771044718337,0.0,7459.8191714624145,0.0
2024-12-06,3639.0972272077993,0.0,3267.4408424946378,0.0,3602.1455796412483,0.0,4864.423264064017,0.0,4371.658942052981,0.0,4830.533452724948,0.0,7171.122848180867,0.0,6717.32407931024,0.0,7423.510572239493,0.0
2024-12-09,3670.453579396736,0.0,3340.8574837767123,0.0,3590.424474707488,0.0,4895.4147015628705,0.0,4469.886433177575,0.0,4814.81526803929,0.0,7205.09794430218,0.0,6868.256688676058,0.0,7399.355039246636,0.0
2024-12-10,3659.2555819142935,0.0,3290.3002185321557,0.0,3582.7396383138853,0.0,4880.600448543555,0.0,4402.243549542881,0.0,4804.509782473181,0.0,7192.9498097183805,0.0,6764.319218471685,0.0,7383.517682606674,0.0
2024-12-11,3682.3618608480347,0.0,3310.7254113750755,0.0,3618.058479581514,0.0,4914.677050403193,0.0,4429.5713517095255,0.0,4851.872899949336,0.0,7241.658894583023,0.0,6806.310075023369,0.0,7456.304799549238,0.0
2024-12-12,3678.1348139933293,0.0,3302.439515141147,0.0,3608.3635989535182,0.0,4901.771729777924,0.0,4418.485271162059,0.0,4838.871913687595,0.0,7204.290178196103,0.0,6789.275627278527,0.0,7436.325027147677,0.0
2024-12-13,3698.1893534626784,0.0,3315.7919447159957,0.0,3618.942898908585,0.0,4926.459298924717,0.0,4436.350099008324,0.0,4853.058920072954,0.0,7238.25606077321,0.0,6816.7260390913225,0.0,7458.127462203938,0.0
2024-12-16,3664.9428420083586,0.0,3286.42345798787,0.0,3621.9476097538654,0.0,4885.980099556405,0.0,4397.056653829511,0.0,4857.088284220789,0.0,7184.507423787984,0.0,6756.349232721624,0.0,7464.319744618211,0.0
2024-12-17,3686.969287681887,0.0,3276.2883368324665,0.0,3604.5231161340375,0.0,4896.872338897856,0.0,4383.496410457521,0.0,4833.721766275738,0.0,7188.573413903823,0.0,6735.513080924018,0.0,7428.41033736555,0.0
2024-12-18,3673.503291399372,0.0,3206.823213458486,0.0,3504.5258492741295,0.0,4880.791350220035,0.0,4290.555836351571,0.0,4699.623870433352,0.0,7158.233108537631,0.0,6592.704146223906,0.0,7222.330168944508,0.0
2024-12-19,3700.162692565351,0.0,3262.535588686303,0.0,3552.4626278475153,0.0,4925.317946678619,0.0,4365.095978036814,0.0,4763.907838805799,0.0,7230.2495792390755,0.0,6707.239679588806,0.0,7321.121063057698,0.0
2024-12-20,3622.8991059542413,0.0,3271.0650744148,0.0,3590.033468750045,0.0,4825.308297370535,0.0,4376.507968139634,0.0,4814.290922946654,0.0,7088.122118057802,0.0,6724.774907502657,0.0,7398.549231487145,0.0
2024-12-23,3710.6836290327055,100.0,3368.1564440889947,100.0,3687.94840856759,100.0,4911.198081221135,100.0,4472.616378242255,100.0,4911.494824693653,100.0,7156.8251158117555,100.0,6818.795239172862,100.0,7494.252218508079,100.0
2024-12-24,3717.346240905353,0.0,3387.3037292173804,0.0,3738.7050176823395,0.0,4911.316891146411,0.0,4498.042293720257,0.0,4979.090895833628,0.0,7173.029739837285,0.0,6857.558704838375,0.0,7597.3943420742535,0.0
2024-12-25,3721.7555053946344,0.0,3388.3611073089355,0.0,3739.872088926169,0.0,4921.897692918643,0.0,4499.446399096236,0.0,4980.645164966243,0.0,7187.401637841613,0.0,6859.699355017899,0.0,7599.765938769561,0.0
2024-12-26,3727.1616267755903,0.0,3377.4249464523004,0.0,3741.2097148936527,0.0,4930.2448886724715,0.0,4484.924136554566,0.0,4982.426573567679,0.0,7204.444006183244,0.0,6837.559219064617,0.0,7602.484118435813,0.0
2024-12-27,3708.3394636331136,0.0,3354.699528934433,0.0,3693.436553250021,0.0,4907.529836490706,0.0,4454.746775057244,0.0,4918.803764846479,0.0,7177.583854218583,0.0,6791.55186419516,0.0,7505.404636032751,0.0
2024-12-30,3702.1701191901598,0.0,3325.7577060817857,0.0,3649.118834126485,0.0,4890.677812038271,0.0,4416.3145724396645,0.0,4859.782806849396,0.0,7164.710652433661,0.0,6732.95946590352,0.0,7415.346932381259,0.0
2024-12-31,3733.738217960481,0.0,3322.0592617717857,0.0,3643.9577021511873,0.0,4927.2253826616825,0.0,4411.403362740972,0.0,4852.909372034705,0.0,7210.724555570384,0.0,6725.472006555356,0.0,7404.859034918801,0.0
2025-01-01,3734.658377441608,0.0,3322.0592617717857,0.0,3643.9577021511873,0.0,4934.8605585209925,0.0,4411.403362740972,0.0,4852.909372034705,0.0,7226.8708029541895,0.0,6725.472006555356,0.0,7404.859034918801,0.0
2025-01-02,3760.8374861240763,0.0,3334.69111671826,0.0,3654.0690053219946,0.0,4973.857909888445,0.0,4428.17735832551,0.0,4866.3752906682075,0.0,7300.017428522617,0.0,6751.04505632331,0.0,7425.406138030057,0.0
2025-01-03,3792.1727765859437,0.0,3393.255697975969,0.0,3729.89885295968,0.0,5002.148273719282,0.0,4505.945986257808,0.0,4967.363119935173,0.0,7354.85876056567,0.0,6869.608399354792,0.0,7579.499400985593,0.0
2025-01-06,3739.797345726996,0.0,3393.057902851586,0.0,3737.865192450654,0.0,5024.527618778176,100.0,4605.683331678801,100.0,5077.972442747491,100.0,7223.738358968394,0.0,6869.207965326602,0.0,7595.68773953852,0.0
2025-01-07,3743.9041640977093,0.0,3342.711629657792,0.0,3666.7818903249754,0.0,5038.992868602712,0.0,4537.344093770149,0.0,4981.404206401591,0.0,7238.805106938437,0.0,6767.282495514646,0.0,7451.239896012108,0.0
2025-01-08,3724.486358231677,0.0,3339.9239027289,0.0,3686.6322227201067,0.0,5011.003389698022,0.0,4533.560077164101,0.0,5008.371321503933,0.0,7193.410462067221,0.0,6761.63877336979,0.0,7491.577607148398,0.0
2025-01-09,3680.9224551626085,0.0,3349.90978458516,0.0,3697.654711523964,0.0,4962.463804864645,0.0,4547.114755844604,0.0,5023.345616058356,0.0,7119.803896200792,0.0,6781.855080061811,0.0,7513.976323730194,0.0
2025-01-10,3646.463776350157,0.0,3298.478203562357,0.0,3647.2473557887192,0.0,4911.6339452199845,0.0,4477.302338190448,0.0,4954.866109667297,0.0,7035.842045584186,0.0,6677.732416627668,0.0,7411.543915329256,0.0
2025-01-13,3535.8979975572997,0.0,3293.0041040840433,0.0,3671.8620818565455,0.0,4762.109383652874,0.0,4469.871881815968,0.0,4988.305758831382,0.0,7124.67352233927,300.0,6966.65016315129,300.0,7761.563315007739,300.0
2025-01-14,3569.4062958649906,0.0,3323.367293837672,0.0,3669.455648498756,0.0,4816.048868960702,0.0,4511.086397143679,0.0,4985.036565950687,0.0,7210.150158997592,0.0,7030.886257053685,0.0,7756.476608466633,0.0
2025-01-15,3550.4015299427692,0.0,3353.269102603711,0.0,3721.129997119809,0.0,4786.970708268917,0.0,4551.674641188984,0.0,5055.237310168162,0.0,7177.282219314045,0.0,7094.146257446666,0.0,7865.705582660918,0.0
2025-01-16,3591.0823010939994,0.0,3353.0216339971316,0.0,3718.1458068372576,0.0,4837.444243278931,0.0,4551.338731201867,0.0,5051.183221741079,0.0,7251.772243172197,0.0,7093.622715065937,0.0,7859.397616483075,0.0
2025-01-17,3621.6772491760385,0.0,3377.326330328448,0.0,3753.0402757717725,0.0,4873.554641447949,0.0,4584.329543024023,0.0,5098.588128694827,0.0,7304.162570564792,0.0,7145.041514226226,0.0,7933.157366697296,0.0
2025-01-20,3658.9830483171377,0.0,3385.3981794987544,0.0,3762.0100856370723,0.0,5016.160919981626,100.0,4695.286143896724,100.0,5210.7738135624,100.0,7570.445877454166,200.0,7362.118246462759,200.0,8152.117704978276,200.0
2025-01-21,3560.7857489883722,0.0,3374.542181175637,0.0,3744.2403851479303,0.0,4891.586676148289,0.0,4680.229711594793,0.0,5186.160936968267,0.0,7377.3630539923015,0.0,7338.5100505872515,0.0,8113.611511036171,0.0
2025-01-22,3563.321241611429,0.0,3381.7080027731595,0.0,3770.6249758374834,0.0,4898.008667075299,0.0,4690.168153418338,0.0,5222.706329223218,0.0,7384.9240503017845,0.0,7354.093335960741,0.0,8170.7858098824445,0.0
2025-01-23,3586.788591627157,0.0,3388.2758668395245,0.0,3789.666674817371,0.0,4934.4206941476705,0.0,4699.277274269336,0.0,5249.0810555401295,0.0,7449.289105270298,0.0,7368.376262021282,0.0,8212.048371080635,0.0
2025-01-24,3551.320597224599,0.0,3408.592773883346,0.0,3776.4798057123267,0.0,4882.053524992909,0.0,4727.455257204217,0.0,5230.815875316986,0.0,7374.265931849144,0.0,7412.558796579493,0.0,8183.472980090884,0.0
2025-01-27,3575.7129468397693,100.0,3430.201893827508,100.0,3804.716823156537,100.0,4783.545463278228,0.0,4618.733153209778,0.0,5131.416707911108,0.0,7310.182750884811,100.0,7342.084631410297,100.0,8127.96561372612,100.0
2025-01-28,3560.4148498776512,0.0,3462.8687145729123,0.0,3845.6833694835964,0.0,4757.688012207976,0.0,4662.71870643866,0.0,5186.6682364897,0.0,7281.697755754047,0.0,7412.005461138559,0.0,8215.481898205659,0.0
2025-01-29,3605.877280389971,0.0,3469.002742510975,0.0,3834.321322576041,0.0,4829.36493755891,0.0,4670.978114799208,0.0,5171.3442583732085,0.0,7387.1531138300525,0.0,7425.134878486772,0.0,8191.209309506264,0.0
2025-01-30,3609.9873608520284,0.0,3529.072725018551,0.0,3856.3078569779877,0.0,4825.146324488254,0.0,4751.8617561439705,0.0,5200.9974691700145,0.0,7375.785150454213,0.0,7553.710078731278,0.0,8238.178848604779,0.0
2025-01-31,3662.8299210384594,0.0,3498.4381991124224,0.0,3846.1023859723496,0.0,4891.277104150532,0.0,4710.612667951784,0.0,5187.233363491582,0.0,7476.839387472172,0.0,7488.139220569647,0.0,8216.377037521008,0.0
2025-02-01,3657.814339609619,0.0,3498.4381991124224,0.0,3846.1023859723496,0.0,4880.470142750449,0.0,4710.612667951784,0.0,5187.233363491582,0.0,7484.997145019825,0.0,7488.139220569647,0.0,8216.377037521008,0.0
2025-02-03,3593.525710864284,0.0,3523.713621761528,0.0,3875.946396123848,0.0,4908.857079083111,100.0,4844.645776253916,100.0,5327.483941771259,100.0,7516.1714726741575,100.0,7642.239328355818,100.0,8380.132396871464,100.0
2025-02-04,3565.910996998044,0.0,3559.2182914983828,0.0,3871.877458721516,0.0,4876.163832934512,0.0,4893.460057646044,0.0,5321.891191909529,0.0,7482.525890780893,0.0,7719.241949036335,0.0,8371.335001174706,0.0
2025-02-05,3607.4263894149967,0.0,3534.60382612483,0.0,3870.5529508649533,0.0,4921.730745483499,0.0,4859.618384199518,0.0,5320.070657357337,0.0,7536.531389821754,0.0,7665.8580320907295,0.0,8368.47130027064,0.0
2025-02-06,3581.912005829125,0.0,3539.8073882023455,0.0,3873.531615840235,0.0,4894.981538528668,0.0,4866.772602091864,0.0,5324.164829000062,0.0,7486.65618750633,0.0,7677.143531147958,0.0,8374.91143238489,0.0
2025-02-07,3629.345535123603,0.0,3541.6820250028854,0.0,3843.663905767566,0.0,4965.892877907659,0.0,4869.349982728491,0.0,5283.111695254777,0.0,7558.027128444648,0.0,7681.209248348979,0.0,8310.33485179785,0.0
2025-02-10,3597.1690732526376,0.0,3610.073592838563,0.0,3897.578421322582,0.0,5019.754782678713,100.0,5063.379451582109,100.0,5457.217135963391,100.0,7494.467271774328,0.0,7829.537059727829,0.0,8426.902712208936,0.0
2025-02-11,3576.6930758815133,0.0,3599.558881282862,0.0,3904.3631444908365,0.0,4971.74690792165,0.0,5048.631836869749,0.0,5466.716805638801,0.0,7407.154096112965,0.0,7806.732725777125,0.0,8441.571872361137,0.0
2025-02-12,3528.3409809628115,0.0,3597.248244639679,0.0,3867.9710935110834,0.0,4915.737102170884,0.0,5045.391008172414,0.0,5415.762263420207,0.0,7332.856049101665,0.0,7801.7214109758825,0.0,8362.889100662074,0.0
2025-02-13,3537.8650390699095,0.0,3610.830590554944,0.0,3898.638118653467,0.0,4921.000262932039,0.0,5064.441193561449,0.0,5458.700877355585,0.0,7343.708807511863,0.0,7831.178838357022,0.0,8429.193869780749,0.0
2025-02-14,3460.6947741575186,0.0,3614.4502975709456,0.0,3872.478039954712,0.0,4808.35732334383,0.0,5069.5180845594405,0.0,5422.072690743102,0.0,7176.054330670848,0.0,7839.029268410127,0.0,8372.633509909061,0.0
2025-02-17,3578.49235067269,100.0,3704.9592257942804,100.0,3962.309421214686,100.0,4827.464789439592,0.0,5056.206195875843,0.0,5407.835039966517,0.0,7292.118733989228,100.0,7918.445007092199,100.0,8450.648073934006,100.0
2025-02-18,3580.045677724339,0.0,3729.687326346662,0.0,3975.4012231554475,0.0,4832.896614091871,0.0,5089.95295733943,0.0,5425.702979530371,0.0,7294.932064900954,0.0,7971.29527950293,0.0,8478.569722420789,0.0
2025-02-19,3597.4226267898243,0.0,3737.043021834343,0.0,3998.884973388607,0.0,4869.257715246137,0.0,5099.991370944864,0.0,5457.7540471983175,0.0,7344.717161143436,0.0,7987.016281181601,0.0,8528.654884274642,0.0
2025-02-20,3622.9597175598187,0.0,3781.272145884096,0.0,3992.691533691468,0.0,4907.727309548967,0.0,5160.3514336148055,0.0,5449.301123246247,0.0,7402.871695789743,0.0,8081.545226078355,0.0,8515.44577471661,0.0
2025-02-21,3589.358643486985,0.0,3741.7910558995127,0.0,3894.668930461415,0.0,4860.379791440679,0.0,5106.4710749835485,0.0,5315.518015440972,0.0,7323.896996309902,0.0,7997.164043773722,0.0,8306.387259812918,0.0
2025-02-24,3601.8582730166895,0.0,3693.3418103286135,0.0,3886.472537339705,0.0,4868.646805357829,0.0,5040.351757411687,0.0,5304.331422670704,0.0,7410.281684436771,100.0,7993.615620347812,100.0,8388.906334831056,100.0
2025-02-25,3575.387902796931,0.0,3700.610219026022,0.0,3872.1270482545287,0.0,4833.623320219489,0.0,5050.271049595561,0.0,5284.752427117023,0.0,7362.309931281642,0.0,8009.346865459272,0.0,8357.941761401891,0.0
2025-02-26,3557.9226577673976,0.0,3715.12944123719,0.0,3850.9800866746773,0.0,4801.799962653787,0.0,5070.085621586611,0.0,5255.890652918356,0.0,7317.567630345564,0.0,8040.771273873874,0.0,8312.296287709423,0.0
2025-02-27,3515.473068715247,0.0,3655.056877006018,0.0,3802.273363751291,0.0,4751.547649525534,0.0,4988.103809383891,0.0,5189.414793790152,0.0,7258.4848210780265,0.0,7910.754337328832,0.0,8207.16338568703,0.0
2025-02-28,3505.2620985290077,0.0,3637.4795649836974,0.0,3896.4024922405033,0.0,4726.065793634174,0.0,4964.115822327151,0.0,5317.884013432625,0.0,7201.078914298851,0.0,7872.711209137336,0.0,8410.340028436649,0.0
2025-03-03,3486.320835261007,0.0,3599.0066083055317,0.0,3821.2532235070316,0.0,4817.98808092643,100.0,5011.611276372775,100.0,5315.3188663219935,100.0,7365.11739385347,200.0,7989.442981267523,200.0,8448.13119498181,200.0
2025-03-04,3489.600921408108,0.0,3604.6153394441267,0.0,3750.383378963788,0.0,4808.730566825549,0.0,5019.4214260278095,0.0,5216.739735413654,0.0,7333.633825796988,0.0,8001.893816318963,0.0,8291.450203314944,0.0
2025-03-05,3496.3370925445042,0.0,3662.68955476822,0.0,3740.055750303944,0.0,4827.703359936756,0.0,5100.2896833166615,0.0,5202.374123859218,0.0,7370.013748211336,0.0,8130.812899418994,0.0,8268.617599258587,0.0
2025-03-06,3464.846410750174,0.0,3583.0082759637367,0.0,3616.5112400700636,0.0,4793.102792517472,0.0,4989.333622705158,0.0,5030.525144567034,0.0,7306.121087810382,0.0,7953.928246800191,0.0,7995.482015242593,0.0
2025-03-07,3456.0587157481696,0.0,3603.1742591803704,0.0,3639.1367474599883,0.0,4786.974056181536,0.0,5017.414723933035,0.0,5061.996962647543,0.0,7288.317485080671,0.0,7998.694758953484,0.0,8045.503106126407,0.0
2025-03-10,3380.022578099799,0.0,3493.6666761569377,0.0,3518.5143342170213,0.0,4695.314438202938,0.0,4864.925579661373,0.0,4894.212586342012,0.0,7251.816942881612,100.0,7855.598625547367,100.0,7878.827774101,100.0
2025-03-11,3365.9479720300433,0.0,3529.559378526567,0.0,3496.086314684871,0.0,4679.339987459972,0.0,4914.906113600937,0.0,4863.015471578686,0.0,7248.516409010494,0.0,7936.3042822507705,0.0,7828.6058660958115,0.0
2025-03-12,3331.366080881303,0.0,3524.6230092087526,0.0,3490.561435313469,0.0,4634.890322646746,0.0,4908.0322267677175,0.0,4855.330428521002,0.0,7172.239371013214,0.0,7925.204729940052,0.0,7816.234288519264,0.0
2025-03-13,3331.7467700183806,0.0,3519.1938369852746,0.0,3452.864024853089,0.0,4630.886119982588,0.0,4900.472112631288,0.0,4802.893768265431,0.0,7161.355083654004,0.0,7912.997097727261,0.0,7731.8204205243155,0.0
2025-03-14,3337.301381486189,0.0,3593.604691384362,0.0,3534.1223308311373,0.0,4643.744971531612,0.0,5004.089115203723,0.0,4915.923128411861,0.0,7184.791832385856,0.0,8080.311801654962,0.0,7913.777956348513,0.0
2025-03-17,3351.2646455704935,0.0,3646.2584852340115,0.0,3552.9854255954215,0.0,4672.5901539145,0.0,5077.409443760982,0.0,4942.161474214499,0.0,7213.8409846283475,0.0,8198.705200034385,0.0,7956.017112087924,0.0
2025-03-18,3378.6978237776384,0.0,3615.169756818354,0.0,3502.3832176753212,0.0,4696.144236977688,0.0,5034.118436310079,0.0,4871.774390526702,0.0,7251.644029636582,0.0,8128.801401289423,0.0,7842.706196365752,0.0
2025-03-19,3413.5598227168634,0.0,3617.258478008021,0.0,3533.955519836219,0.0,4764.925846261434,0.0,5037.026977417834,0.0,4915.69109625473,0.0,7357.842920222925,0.0,8133.49794415617,0.0,7913.404425086466,0.0
2025-03-20,3469.906259626612,0.0,3592.7171391936604,0.0,3532.6408368205857,0.0,4826.627284420772,0.0,5002.853200116202,0.0,4913.8623874444265,0.0,7455.321264810377,0.0,8078.316117917598,0.0,7910.460523179637,0.0
2025-03-21,3491.5655529220508,0.0,3593.253509198615,0.0,3551.775465483931,0.0,4858.588185509573,0.0,5003.600094539495,0.0,4940.478433747948,0.0,7527.359031298353,0.0,8079.522159553586,0.0,7953.30771078202,0.0
2025-03-24,3497.299041196893,0.0,3616.349337433243,0.0,3622.3691840039037,0.0,4866.429195118046,0.0,5035.761000538033,0.0,5038.673476563943,0.0,7744.146404651876,200.0,8331.45371838661,200.0,8311.384585655973,200.0
2025-03-25,3503.694056667029,0.0,3616.5956479428664,0.0,3641.8962010708406,0.0,4864.687339559582,0.0,5036.103987551357,0.0,5065.835330580942,0.0,7732.458999462762,0.0,8332.021175902408,0.0,8356.188563497511,0.0
2025-03-26,3513.4562887958928,0.0,3600.0849861922434,0.0,3603.7831102375144,0.0,4874.573971433896,0.0,5013.11291595431,0.0,5012.82046375296,0.0,7741.617728337909,0.0,8293.983419756627,0.0,8268.739565459802,0.0
2025-03-27,3532.6494891516822,0.0,3633.230651639284,0.0,3609.4119668900535,0.0,4901.055317954967,0.0,5059.268205120471,0.0,5020.650138001452,0.0,7774.983575168123,0.0,8370.345394740254,0.0,8281.654757159027,0.0
2025-03-28,3463.506426240748,0.0,3546.1593048587415,0.0,3517.4243078786776,0.0,4815.593739077438,0.0,4938.021485993223,0.0,4892.696372361388,0.0,7656.600822907555,0.0,8169.7478229319495,0.0,8070.592667034726,0.0
2025-03-31,3383.217059206633,0.0,3532.9930746491427,0.0,3533.5400376173125,0.0,4824.006244037643,100.0,5019.687530275145,100.0,5015.113165312287,100.0,7505.4551375027695,0.0,8139.4150681558995,0.0,8107.56957936265,0.0
2025-04-01,3406.751402947655,0.0,3545.961232933011,0.0,3545.1695695453222,0.0,4842.282429115644,0.0,5038.112729830519,0.0,5031.618827638929,0.0,7543.515427815433,0.0,8169.29149890787,0.0,8134.253086066408,0.0
2025-04-02,3422.4444450437404,0.0,3558.3436327717673,0.0,3575.169585079514,0.0,4875.870334208491,0.0,5055.705681968322,0.0,5074.19750830008,0.0,7597.566110446219,0.0,8197.81844184209,0.0,8203.086949765722,0.0
2025-04-03,3385.909125712175,0.0,3446.976701713307,0.0,3363.865134393247,0.0,4820.723362458077,0.0,4897.475200530233,0.0,4774.295505989572,0.0,7519.175134165456,0.0,7941.247976630654,0.0,7718.257142227129,0.0
2025-04-04,3282.0962512041688,0.0,3215.44787052343,0.0,3128.207145419381,0.0,4658.303324422896,0.0,4568.518318287145,0.0,4439.828803919661,0.0,7264.7114045382705,0.0,7407.8449335220685,0.0,7177.5490924531605,0.0
2025-04-07,3184.907721191426,100.0,3212.4835274801717,100.0,3239.464129676723,100.0,4515.085644737854,100.0,4522.226259990783,100.0,4555.805713576748,100.0,7003.688215956638,100.0,7270.6326017848205,100.0,7303.377803080063,100.0
2025-04-08,3154.8801406458474,0.0,3187.3350623616566,0.0,3208.9357917468565,0.0,4507.06791562294,0.0,4486.82466232201,0.0,4512.872323732185,0.0,7004.68859369167,0.0,7213.715500479419,0.0,7234.551609402109,0.0
2025-04-09,3049.4038720304547,0.0,3388.062963229844,0.0,3524.918676803698,0.0,4380.553383093334,0.0,4769.390153056514,0.0,4957.2534236636975,0.0,6815.30395370549,0.0,7668.011626095609,0.0,7946.935601475402,0.0
2025-04-10,3165.5602304439035,0.0,3338.2908032818304,0.0,3379.1942905506226,0.0,4511.6888983657145,0.0,4699.325679010815,0.0,4752.314592757279,0.0,7012.944939172921,0.0,7555.3651064531805,0.0,7618.399706239424,0.0
2025-04-11,3170.1944245779214,0.0,3349.508458068565,0.0,3346.068169721821,0.0,4506.537596109614,0.0,4715.116817741377,0.0,4705.727822693075,0.0,6998.795295051165,0.0,7580.753391221125,0.0,7543.716806266286,0.0
2025-04-14,3266.51656128891,100.0,3454.5764219804955,100.0,3453.1229160659573,100.0,4495.434264595084,0.0,4722.251011361724,0.0,4715.649233277009,0.0,6983.704091675757,0.0,7592.223427822887,0.0,7559.621744797359,0.0
2025-04-15,3327.4782831390335,0.0,3452.3536609351013,0.0,3444.5054997480397,0.0,4585.555736524389,0.0,4719.212596716199,0.0,4703.881128393354,0.0,7137.463531292668,0.0,7587.338400999938,0.0,7540.756384552632,0.0
2025-04-16,3331.4557346085558,0.0,3426.3626954327083,0.0,3381.9576589317758,0.0,4594.570571660058,0.0,4683.684112717695,0.0,4618.4646272268155,0.0,7148.487477218857,0.0,7530.217297543244,0.0,7403.825835302609,0.0
2025-04-17,3322.5975763587353,0.0,3421.175875858671,0.0,3355.8418498701394,0.0,4587.872001215441,0.0,4676.593963018472,0.0,4582.800389963516,0.0,7146.839292546447,0.0,7518.818072782914,0.0,7346.652765341276,0.0
2025-04-18,3329.978692071332,0.0,3421.175875858671,0.0,3355.8418498701394,0.0,4592.559416013019,0.0,4676.593963018472,0.0,4582.800389963516,0.0,7156.195770301037,0.0,7518.818072782914,0.0,7346.652765341276,0.0
2025-04-21,3337.258128908279,0.0,3420.359570563213,0.0,3275.9639264489197,0.0,4711.201820515989,100.0,4775.478110295536,100.0,4573.717603890504,100.0,7179.608013957592,0.0,7517.024054810406,0.0,7171.782973126565,0.0
2025-04-22,3278.4767066221493,0.0,3436.7980333063333,0.0,3327.3337810223193,0.0,4645.673643252609,0.0,4798.429357781996,0.0,4645.43732164281,0.0,7079.975204232146,0.0,7553.151344153789,0.0,7284.242529041409,0.0
2025-04-23,3403.628684341801,0.0,3525.85344005121,0.0,3426.973026758071,0.0,4797.370109746303,0.0,4922.767789674873,0.0,4784.548063547095,0.0,7311.590711061608,0.0,7748.871010727303,0.0,7502.3740659162495,0.0
2025-04-24,3414.9804621730505,0.0,3574.3535370386844,0.0,3506.495265329601,0.0,4813.336751510147,0.0,4990.483229157967,0.0,4895.572565227015,0.0,7332.272573153863,0.0,7855.461089400069,0.0,7676.465188216982,0.0
2025-04-25,3395.359961247533,0.0,3553.801430082064,0.0,3517.9880686060956,0.0,4770.849747421124,0.0,4961.788545202377,0.0,4911.618174349681,0.0,7272.011275920728,0.0,7810.293124107896,0.0,7701.625383109972,0.0
2025-04-28,3436.8512022056207,0.0,3569.373274248274,0.0,3528.254088971836,0.0,4829.877976307175,0.0,4983.5298269064,0.0,4925.9510177884,0.0,7457.569696163752,100.0,7944.5158205116795,100.0,7824.099888847462,100.0
2025-04-29,3444.917549485257,0.0,3558.50773653152,0.0,3529.941349049345,0.0,4829.1071650235845,0.0,4968.359451847148,0.0,4928.3066759373005,0.0,7436.393201494991,0.0,7920.331900911033,0.0,7827.841482012805,0.0
2025-04-30,3412.5916092668635,0.0,3573.7026606768463,0.0,3537.5058770661544,0.0,4796.041972702295,0.0,4989.574480895002,0.0,4938.867846857492,0.0,7396.782690843448,0.0,7954.151932045054,0.0,7844.616244068774,0.0
2025-05-02,3469.46903526333,0.0,3705.1462130071495,0.0,3645.1486882713825,0.0,4855.948277085008,0.0,5173.094895618384,0.0,5089.15271921727,0.0,7496.167100369616,0.0,8246.711802016142,0.0,8083.320171265662,0.0
2025-05-05,3471.1152404293875,0.0,3724.3266801801656,0.0,3615.6898622267613,0.0,4860.494178322769,0.0,5199.874507305497,0.0,5048.023953975864,0.0,7713.439637468947,200.0,8489.40263684706,200.0,8217.993584299682,200.0
2025-05-06,3459.446614018503,0.0,3712.7757071722813,0.0,3588.594283824524,0.0,4857.5472061161645,0.0,5183.747133088323,0.0,5010.194622912307,0.0,7706.7287442449715,0.0,8463.07281426916,0.0,8156.408852766501,0.0
2025-05-07,3462.500962522707,0.0,3660.515747049849,0.0,3594.350350305321,0.0,4860.236528270547,0.0,5110.782203389864,0.0,5018.230920986237,0.0,7716.8419502573515,0.0,8343.949042010967,0.0,8169.49164449158,0.0
2025-05-08,3471.751467438021,0.0,3669.8815277520944,0.0,3631.094946378599,0.0,4850.814940262146,0.0,5123.858629948734,0.0,5069.531670836181,0.0,7704.292826993375,0.0,8365.297836093103,0.0,8253.007340332239,0.0
2025-05-09,3506.043373834653,0.0,3721.5452570413663,0.0,3652.954972927548,0.0,4890.746638838365,0.0,5195.991107025268,0.0,5100.051417235471,0.0,7775.768989699333,0.0,8483.062532190193,0.0,8302.692342303411,0.0
2025-05-12,3679.688076888887,100.0,3900.091577230724,100.0,3871.8550404346006,100.0,4993.032190842386,0.0,5305.656838060318,0.0,5266.053041206423,0.0,8027.057240933319,100.0,8762.104650401452,100.0,8672.936757388277,100.0
2025-05-13,3765.855704093831,0.0,3954.0989006503964,0.0,3944.517113017587,0.0,5092.727371627067,0.0,5379.12801665515,0.0,5364.879656436068,0.0,8177.420840612522,0.0,8883.4397037766,0.0,8835.699452166815,0.0
2025-05-14,3793.9961372239823,0.0,3952.161128332459,0.0,3917.7873812240705,0.0,5129.257701110036,0.0,5376.491884978323,0.0,5328.524941723897,0.0,8216.38373225512,0.0,8879.086225530718,0.0,8775.824980895004,0.0
2025-05-15,3843.4719554479184,0.0,3951.735061578939,0.0,3938.1997324142562,0.0,5183.559003525247,0.0,5375.912266797692,0.0,5356.287480078428,0.0,8305.729988891335,0.0,8878.12900660176,0.0,8821.548549854393,0.0
2025-05-16,3902.297032094209,0.0,3945.3763718539967,0.0,3959.333321346199,0.0,5247.069401538884,0.0,5367.261950528914,0.0,5385.0309632678645,0.0,8384.682716073223,0.0,8863.843315174754,0.0,8868.887687903018,0.0
2025-05-19,3963.509373596737,100.0,4055.719575176257,100.0,4065.483175559067,100.0,5507.775580290734,300.0,5681.332770751337,300.0,5693.395289448065,300.0,8636.029346523577,300.0,9187.080777202345,300.0,9182.663331902686,300.0
2025-05-20,3921.6455794861467,0.0,4034.802549670037,0.0,4035.269233738701,0.0,5432.427653663924,0.0,5652.031784755538,0.0,5651.082996761705,0.0,8536.204824349536,0.0,9139.69919684836,0.0,9114.419424921578,0.0
2025-05-21,3935.076826910555,0.0,4004.9079837088757,0.0,3948.108798556427,0.0,5452.755742997143,0.0,5610.154881258048,0.0,5529.021536988288,0.0,8569.447749172681,0.0,9071.981548427695,0.0,8917.5510829364,0.0
2025-05-22,3917.7670446245493,0.0,3976.671832212667,0.0,3934.5973704782605,0.0,5420.132694516766,0.0,5570.601117778644,0.0,5510.099825188714,0.0,8504.780641566575,0.0,9008.020566948417,0.0,8887.032964961909,0.0
2025-05-23,3931.758688419011,0.0,4010.547462277346,0.0,3924.831991245316,0.0,5447.431312283639,0.0,5618.05477517505,0.0,5496.424165562629,0.0,8559.412155429778,0.0,9084.756185379161,0.0,8864.976007416599,0.0
2025-05-26,3903.3726072662976,0.0,3978.4679792089105,0.0,3893.4381272918617,0.0,5419.268072535894,0.0,5573.117196270192,0.0,5452.459483031237,0.0,8510.839554919143,0.0,9012.089227820145,0.0,8794.06702294331,0.0
2025-05-27,3902.6311751774247,0.0,3963.53979575429,0.0,3968.9159576801853,0.0,5414.569138005619,0.0,5552.205499517873,0.0,5558.160356810292,0.0,8489.684587090895,0.0,8978.273668161159,0.0,8964.54799053042,0.0
2025-05-28,3925.515228626628,0.0,3963.37568957837,0.0,3963.8393565876995,0.0,5439.677591201215,0.0,5551.975616317653,0.0,5551.050968947092,0.0,8533.212149106683,0.0,8977.901932229648,0.0,8953.081525982514,0.0
2025-05-29,3983.734735089665,0.0,4014.6735083386343,0.0,4016.1212369011528,0.0,5520.858438341185,0.0,5623.834622688449,0.0,5624.267705616816,0.0,8654.373611601657,0.0,9094.102570836263,0.0,9071.170049423827,0.0
2025-05-30,3914.776528942372,0.0,3915.4512071170534,0.0,3960.614211345743,0.0,5414.134801526907,0.0,5484.842046631207,0.0,5546.534402050756,0.0,8489.12994437873,0.0,8869.342628900944,0.0,8945.796924946304,0.0
2025-06-02,3908.2384698189057,0.0,3952.541835468097,0.0,3991.716386644038,0.0,5398.086408441214,0.0,5536.799337669848,0.0,5590.09059714202,0.0,8676.763011078538,200.0,9153.360912813834,200.0,9216.047075376402,200.0
2025-06-03,3892.838050273101,0.0,3927.3880824993594,0.0,3979.3842862241777,0.0,5382.545434167643,0.0,5501.563459449036,0.0,5572.820442671444,0.0,8670.725820115635,0.0,9095.109441022048,0.0,9187.574807559988,0.0
2025-06-04,3943.898150568877,0.0,4000.1868993038893,0.0,4002.420247832115,0.0,5457.6449680627775,0.0,5603.5414921796455,0.0,5605.080528285622,0.0,8782.761979259732,0.0,9263.698129510596,0.0,9240.76007576082,0.0
2025-06-05,3942.415458619493,0.0,4007.5911517349987,0.0,3969.9732628269007,0.0,5457.835173486289,0.0,5613.913516477689,0.0,5559.641031033225,0.0,8775.528027894668,0.0,9280.84501817433,0.0,9165.846702089626,0.0
2025-06-06,3917.943333405346,0.0,4009.2851622870144,0.0,3999.60818354306,0.0,5432.322304267884,0.0,5616.2865202036055,0.0,5601.142449369644,0.0,8750.394348127717,0.0,9284.768035467549,0.0,9234.267601256961,0.0
2025-06-09,3961.9665796462878,0.0,4059.7671069939925,0.0,4019.3534455366566,0.0,5604.144914207573,100.0,5787.002633948365,100.0,5728.794164250447,100.0,8958.253474405,100.0,9501.674947201467,100.0,9379.855325038514,100.0
2025-06-10,3993.08825731643,0.0,4075.711850125885,0.0,4034.9946975391103,0.0,5652.476580180439,0.0,5809.731097939052,0.0,5751.087678470434,0.0,9028.49354779404,0.0,9538.99279385697,0.0,9416.356887509564,0.0
2025-06-11,4018.8372580738833,0.0,4089.4729236535018,0.0,4020.176177167386,0.0,5683.345462861704,0.0,5829.346845998364,0.0,5729.9668056289,0.0,9063.024583098704,0.0,9571.199874740676,0.0,9381.775311367695,0.0
2025-06-12,3948.127670337168,0.0,4070.7374469098872,0.0,4010.9484295783814,0.0,5586.793303125239,0.0,5802.640325548758,0.0,5716.814474724593,0.0,8925.249939746784,0.0,9527.350460400627,0.0,9360.240768926062,0.0
2025-06-13,3887.6812414333294,0.0,3974.710197448684,0.0,3935.019685743578,0.0,5510.675989900109,0.0,5665.7581027716315,0.0,5608.593052927832,0.0,8798.904114104778,0.0,9302.603649461078,0.0,9183.047933851247,0.0
2025-06-16,4029.287944232717,100.0,4138.606111659049,100.0,4087.434543931402,100.0,5673.93190872483,100.0,5856.838653475365,100.0,5783.300076775127,100.0,8896.331765046176,0.0,9452.14873204358,0.0,9305.367056403195,0.0
2025-06-17,4014.305783118029,0.0,4086.1656890843747,0.0,4054.3807436602788,0.0,5650.341582587905,0.0,5782.626446356962,0.0,5736.532344205682,0.0,8861.41722197847,0.0,9332.380225359497,0.0,9230.117473608409,0.0
2025-06-18,4051.101165979332,0.0,4109.733424337254,0.0,4078.025815111417,0.0,5690.803134267831,0.0,5815.978840636544,0.0,5769.987691825071,0.0,8902.266813859143,0.0,9386.206497509456,0.0,9283.947343313452,0.0
2025-06-19,3998.575438507466,0.0,4111.574006825034,0.0,4079.8521970503425,0.0,5622.372202743399,0.0,5818.583581065688,0.0,5772.571834688788,0.0,8820.629984767747,0.0,9390.41019773091,0.0,9288.105245817878,0.0
2025-06-20,3998.258802014565,0.0,4075.225068056523,0.0,4057.796908563484,0.0,5626.337131146058,0.0,5767.143588022503,0.0,5741.365866684059,0.0,8825.193594685064,0.0,9307.392977386115,0.0,9237.894642394323,0.0
2025-06-23,3997.855799690948,0.0,4112.906695604805,0.0,4102.123592333202,0.0,5635.598667100198,0.0,5820.469564642724,0.0,5804.083571614455,0.0,8825.03141707395,0.0,9393.453921202063,0.0,9338.807833403764,0.0
2025-06-24,4010.1749370278717,0.0,4183.733360445559,0.0,4112.333843699919,0.0,5649.333245520209,0.0,5920.701463292723,0.0,5818.530028647192,0.0,8855.868227950223,0.0,9555.214705438919,0.0,9362.052275775692,0.0
2025-06-25,4009.310146175726,0.0,4182.4665050067515,0.0,4109.961082459596,0.0,5649.784851912106,0.0,5918.908645203203,0.0,5815.172815188274,0.0,8866.058999682102,0.0,9552.321338516205,0.0,9356.650497706562,0.0
2025-06-26,3990.242174136967,0.0,4184.606851345005,0.0,4116.768709701067,0.0,5627.098282230836,0.0,5921.937602979687,0.0,5824.80490855273,0.0,8825.978533028365,0.0,9557.209668398644,0.0,9372.148597941366,0.0
2025-06-27,3984.7901464485935,0.0,4165.11936145304,0.0,4134.224731841544,0.0,5642.5375746917725,0.0,5894.3594568650005,0.0,5849.503387048269,0.0,8861.120353185559,0.0,9512.702255056232,0.0,9411.888608849435,0.0
2025-06-30,4086.3821464604325,100.0,4265.556539001629,100.0,4241.509419085557,100.0,5749.946753445731,100.0,5994.978138202612,100.0,5959.810471319535,100.0,9079.688761827128,200.0,9713.700723405256,200.0,9628.472773798885,200.0
2025-07-01,4083.7075041264625,0.0,4251.864053016092,0.0,4218.655230719,0.0,5725.943012369702,0.0,5975.734188816312,0.0,5927.697697850821,0.0,9047.542106602628,0.0,9682.519631370296,0.0,9576.592438589798,0.0
2025-07-02,4090.5942968710924,0.0,4263.694492292282,0.0,4231.1861161140305,0.0,5704.6013630883535,0.0,5992.361145739194,0.0,5945.305038684761,0.0,9017.178985213051,0.0,9709.46039408311,0.0,9605.03827636508,0.0
2025-07-03,4098.32876323031,0.0,4284.940223337857,0.0,4266.446611658986,0.0,5727.095475327299,0.0,6022.220717868594,0.0,5994.85010620887,0.0,9047.831343096661,0.0,9757.8420463106,0.0,9685.081649560852,0.0
2025-07-04,4096.213749667606,0.0,4295.406703815876,0.0,4276.867919272153,0.0,5726.025889331658,0.0,6036.930714342896,0.0,6009.493246681062,0.0,9060.317907607445,0.0,9781.676745970832,0.0,9708.738623224346,0.0
2025-07-07,4167.721985290705,100.0,4331.283011003537,100.0,4341.648488349132,100.0,5890.09920202143,200.0,6146.8087963619955,200.0,6160.005879692216,200.0,9108.211866836285,100.0,9735.65163633662,100.0,9728.788469105837,100.0
2025-07-08,4194.235761388359,0.0,4374.744224473937,0.0,4355.629075234862,0.0,5919.582556410025,0.0,6208.487464918573,0.0,6179.8417778882,0.0,9159.23085211147,0.0,9833.34168174934,0.0,9760.116240769115,0.0
2025-07-09,4213.691631457749,0.0,4371.968764245518,0.0,4386.222575571259,0.0,5943.208233205014,0.0,6204.548626633786,0.0,6223.248364685426,0.0,9195.188406633768,0.0,9827.10313445383,0.0,9828.670315126134,0.0
2025-07-10,4202.00595172917,0.0,4381.2705581286655,0.0,4396.117065371874,0.0,5925.43274667743,0.0,6217.7494145568135,0.0,6237.2868377474215,0.0,9179.701080682165,0.0,9848.011263663873,0.0,9850.841939231179,0.0
2025-07-11,4199.318063722051,0.0,4377.397682272327,0.0,4391.30155560673,0.0,5915.812111503595,0.0,6212.253161524979,0.0,6230.454509301993,0.0,9158.773643925433,0.0,9839.305997794083,0.0,9840.051319953336,0.0
2025-07-14,4393.339435353042,200.0,4591.493651322535,200.0,4607.455216115712,200.0,6116.969741838824,200.0,6432.257678969568,200.0,6453.373601895717,200.0,9463.498261721548,300.0,10170.9902455795,300.0,10176.248526271478,300.0
2025-07-15,4429.105398536908,0.0,4631.010983960453,0.0,4593.983206685468,0.0,6170.4444654496965,0.0,6487.617804805618,0.0,6434.504203074968,0.0,9566.374882691794,0.0,10258.528296443585,0.0,10146.493594388276,0.0
2025-07-16,4449.241757092425,0.0,4676.504461081218,0.0,4632.7335319412305,0.0,6199.902137697943,0.0,6551.349955991057,0.0,6488.779353747237,0.0,9613.358019927336,0.0,10359.304589992313,0.0,10232.07943771828,0.0
2025-07-17,4467.304298777688,0.0,4691.812027314519,0.0,4649.722741358093,0.0,6221.302598939289,0.0,6572.7944396226785,0.0,6512.575074036472,0.0,9626.614371025285,0.0,10393.213622360812,0.0,10269.602627674887,0.0
2025-07-18,4478.261132562074,0.0,4689.490844113599,0.0,4654.426899449538,0.0,6239.240844914355,0.0,6569.542676775504,0.0,6519.1638932919,0.0,9653.29887055849,0.0,10388.071781058703,0.0,10279.992458850667,0.0
2025-07-21,4499.769615290538,0.0,4713.870990743228,0.0,4657.132084476099,0.0,6268.655237212494,0.0,6603.697005907084,0.0,6522.95287632479,0.0,9680.282919400624,0.0,10442.078222619242,0.0,10285.967261393198,0.0
2025-07-22,4447.096155023451,0.0,4691.004283135831,0.0,4632.391165437964,0.0,6200.209569001084,0.0,6571.662864782212,0.0,6488.299822454862,0.0,9556.765093264077,0.0,10391.424322671815,0.0,10231.323270493449,0.0
2025-07-23,4444.765491099903,0.0,4720.445729705621,0.0,4654.04430094549,0.0,6197.511107848282,0.0,6612.90760672451,0.0,6518.628011558854,0.0,9570.967815058906,0.0,10456.64246051914,0.0,10279.147433282247,0.0
2025-07-24,4426.313794052236,0.0,4680.920511242141,0.0,4641.7029735145325,0.0,6173.567472729398,0.0,6557.536433576653,0.0,6501.342288112922,0.0,9549.51369534791,0.0,10369.086941122821,0.0,10251.889780371755,0.0
2025-07-25,4422.391632474734,0.0,4673.9791550826,0.0,4668.501262923629,0.0,6163.939922841388,0.0,6547.812235995151,0.0,6538.8769716501,0.0,9515.928915946391,0.0,10353.71057971384,0.0,10311.077779020567,0.0
2025-07-28,4399.936792611305,0.0,4642.55338027709,0.0,4667.055136489974,0.0,6239.703929171089,100.0,6603.7876338371825,100.0,6636.851473036612,100.0,9486.151715048982,0.0,10284.096795337908,0.0,10307.88379420704,0.0
2025-07-29,4474.523283182535,0.0,4708.546753843748,0.0,4718.992783750237,0.0,6357.274822273543,0.0,6697.659731490625,0.0,6710.710135650265,0.0,9668.783027031495,0.0,10430.284073333169,0.0,10422.595794996887,0.0
2025-07-30,4515.821365262285,0.0,4692.631597424519,0.0,4731.742225242596,0.0,6409.275331663271,0.0,6675.02125982579,0.0,6728.840658447688,0.0,9720.508952599157,0.0,10395.02911863009,0.0,10450.754828370364,0.0
2025-07-31,4566.63827160021,0.0,4715.364745586864,0.0,4764.141496814257,0.0,6484.588639944094,0.0,6707.357965602929,0.0,6774.914498796062,0.0,9823.577825128421,0.0,10445.387160210725,0.0,10522.31342723209,0.0
2025-08-01,4547.035201366813,0.0,4682.707866661148,0.0,4688.358419763298,0.0,6450.371609274422,0.0,6660.905275554056,0.0,6667.14610698418,0.0,9772.50088361687,0.0,10373.046257178254,0.0,10354.935256423458,0.0
2025-08-04,4578.263642763805,100.0,4764.748839107953,100.0,4792.68770155816,100.0,6463.291065677893,100.0,6735.359504863435,100.0,6773.302623120613,100.0,9848.987375279543,200.0,10533.26375764,200.0,10564.497117671874,200.0
2025-08-05,4604.0022108282365,0.0,4779.498483376384,0.0,4769.438765242047,0.0,6497.549253696481,0.0,6756.209325089285,0.0,6740.445885703005,0.0,9902.2983303576,0.0,10565.87028080772,0.0,10513.249605629588,0.0
2025-08-06,4612.46714499594,0.0,4804.064403006431,0.0,4808.030824417406,0.0,6489.0913151711375,0.0,6790.93524787411,0.0,6794.986409083884,0.0,9872.068972787465,0.0,10620.177300894158,0.0,10598.317885332131,0.0
2025-08-07,4649.8300475216765,0.0,4809.314980748842,0.0,4769.4039003120115,0.0,6520.330051104019,0.0,6798.357365995659,0.0,6740.396612573442,0.0,9885.83934308734,0.0,10631.784569631362,0.0,10513.172753041683,0.0
2025-08-08,4651.820237265008,0.0,4799.878593284575,0.0,4801.043603305336,0.0,6505.876178239953,0.0,6785.018265836306,0.0,6785.111665300489,0.0,9861.215867143594,0.0,10610.923877612386,0.0,10582.91598938239,0.0
2025-08-11,4684.753229588256,0.0,4798.078859838712,0.0,4803.355018392523,0.0,6545.379365459333,0.0,6782.4741964256955,0.0,6788.378290386051,0.0,9925.140757053596,0.0,10606.945269774104,0.0,10588.011029899719,0.0
2025-08-12,4707.946284117061,0.0,4868.805737191073,0.0,4866.818611516193,0.0,6573.791419934773,0.0,6882.452382414134,0.0,6878.068699723063,0.0,9971.527071502143,0.0,10763.298706033327,0.0,10727.903505350214,0.0
2025-08-13,4730.061096226089,0.0,4902.617074941104,0.0,4858.967789524857,0.0,6592.013053307844,0.0,6930.247454678522,0.0,6866.973465378818,0.0,10000.686329237664,0.0,10838.044248882632,0.0,10710.59797837589,0.0
2025-08-14,4712.653945410904,0.0,4827.611894865767,0.0,4844.552414077496,0.0,6570.07330535181,0.0,6824.221540282371,0.0,6846.60082555521,0.0,9951.550817572592,0.0,10672.232918296166,0.0,10678.822239615716,0.0
2025-08-15,4757.035577392624,0.0,4858.951097525174,0.0,4858.741594122841,0.0,6642.069405681849,0.0,6868.522048794884,0.0,6866.653792993464,0.0,10043.688972587941,0.0,10741.513398487747,0.0,10710.099377001998,0.0
2025-08-18,4797.464379807238,0.0,4864.105220603296,0.0,4834.761122051096,0.0,6712.178706609091,0.0,6875.807820413847,0.0,6832.763207063066,0.0,10237.122643822713,100.0,10852.90743826915,100.0,10757.239344415273,100.0
2025-08-19,4767.741202723178,0.0,4840.216267677541,0.0,4824.294210790754,0.0,6688.842887117215,0.0,6842.038845052736,0.0,6817.970764510925,0.0,10223.368873837622,0.0,10799.60583743161,0.0,10733.950692342945,0.0
2025-08-20,4716.8742539652385,0.0,4844.131285566665,0.0,4822.142593675663,0.0,6629.231731070926,0.0,6847.573040839677,0.0,6814.929975134046,0.0,10149.378477549628,0.0,10808.341118607243,0.0,10729.163390612774,0.0
2025-08-21,4748.633295879464,0.0,4829.5941400143765,0.0,4798.995280541659,0.0,6678.749695235898,0.0,6827.023604809484,0.0,6782.216857457346,0.0,10207.348857005534,0.0,10775.905493155034,0.0,10677.66111753729,0.0
2025-08-22,4766.120860214851,0.0,4942.328532237503,0.0,4888.929757180685,0.0,6698.253286635677,0.0,6986.382825163938,0.0,6909.317445782776,0.0,10230.410174862072,0.0,11027.44115458042,0.0,10877.763390658552,0.0
2025-08-25,4755.5928025202475,0.0,4873.502177109287,0.0,4827.2803549073005,0.0,6685.165283919527,0.0,6889.091181710864,0.0,6822.19095556803,0.0,10318.020369625645,100.0,10973.874151474483,100.0,10840.59479867368,100.0
2025-08-26,4776.85552516215,0.0,4899.052895082694,0.0,4885.522877164128,0.0,6701.648885034675,0.0,6925.209196945113,0.0,6904.502646490658,0.0,10328.956820152991,0.0,11031.407800446053,0.0,10971.389684700374,0.0
2025-08-27,4794.303736388607,0.0,4861.011281376881,0.0,4887.83624663108,0.0,6731.304977315583,0.0,6871.434286009459,0.0,6907.772033618398,0.0,10369.350261321239,0.0,10945.747865115069,0.0,10976.584804761167,0.0
2025-08-28,4776.520931230649,0.0,4875.938049562653,0.0,4901.548757125567,0.0,6704.89050453517,0.0,6892.534485279513,0.0,6927.151344160932,0.0,10319.57132761083,0.0,10979.359110089636,0.0,11007.378908068671,0.0
2025-08-29,4794.993437771073,0.0,4838.61998637344,0.0,4858.30018254368,0.0,6712.823366855521,0.0,6839.78237177008,0.0,6866.029964696445,0.0,10321.975623732349,0.0,10895.328424530751,0.0,10910.2558412085,0.0
2025-09-01,4798.022567056957,0.0,4834.380679036409,0.0,4854.043632604367,0.0,6815.706278506265,100.0,6933.789766507836,100.0,6960.014362874523,100.0,10408.53905805842,100.0,10985.782594137052,100.0,11000.696932311586,100.0
2025-09-02,4738.761311614745,0.0,4820.561917074828,0.0,4808.159362440101,0.0,6748.010447707162,0.0,6913.969980554589,0.0,6894.222787119371,0.0,10323.135068949006,0.0,10954.380450882518,0.0,10896.709620239038,0.0
2025-09-03,4786.59306398492,0.0,4872.167653028638,0.0,4867.406628661514,0.0,6825.610978880556,0.0,6987.986353613765,0.0,6979.17501562681,0.0,10437.949264479623,0.0,11071.65077637786,0.0,11030.981429291576,0.0
2025-09-04,4766.471301185148,0.0,4846.4080661129465,0.0,4897.805292610347,0.0,6776.790595888623,0.0,6951.040243655977,0.0,7022.762414857204,0.0,10377.141811774945,0.0,11013.113966730722,0.0,11099.873782669309,0.0
2025-09-05,4824.963624003951,0.0,4906.22735827347,0.0,4885.10108653303,0.0,6851.9224772853295,0.0,7036.837044396346,0.0,7004.54637407563,0.0,10479.991846628955,0.0,11149.049008309132,0.0,11071.082298414101,0.0
2025-09-08,4886.043734989443,100.0,5027.1839706108185,100.0,4973.58239464154,100.0,6907.586710719094,100.0,7166.894409302566,100.0,7088.030193531272,100.0,10535.303535363972,100.0,11296.671403468466,100.0,11144.977539547945,100.0
2025-09-09,4894.5355493745,0.0,5030.794761138667,0.0,4961.374428081709,0.0,6921.324930944024,0.0,7172.042053510236,0.0,7070.632183663991,0.0,10547.906051770971,0.0,11304.785272851072,0.0,11117.621500717773,0.0
2025-09-10,4966.4635054283135,0.0,5093.925424253504,0.0,5003.942660236022,0.0,7016.382337162411,0.0,7262.042896761317,0.0,7131.297694125844,0.0,10680.630768616264,0.0,11446.647269718622,0.0,11213.009885510435,0.0
2025-09-11,4969.443091595789,0.0,5167.748612772749,0.0,5045.23136790209,0.0,7023.478425097228,0.0,7367.287304001732,0.0,7190.139708466309,0.0,10693.937201404913,0.0,11612.536623984062,0.0,11305.53106703767,0.0
2025-09-12,4968.347757060637,0.0,5151.001897289895,0.0,5030.085017433635,0.0,7013.9446341735675,0.0,7343.4127169028925,0.0,7168.5541025742905,0.0,10680.501095501739,0.0,11574.904792126874,0.0,11271.59059468138,0.0
2025-09-15,4959.0672367683665,0.0,5192.109496211241,0.0,5060.425460844718,0.0,6996.010886109939,0.0,7402.016862406931,0.0,7211.793353866193,0.0,10654.428648348621,0.0,11667.27838336897,0.0,11339.578522401402,0.0
2025-09-16,4970.3120509550945,0.0,5214.016259920316,0.0,5037.457363901035,0.0,7014.168333987235,0.0,7433.24775892282,0.0,7179.060697260327,0.0,10694.968892218167,0.0,11716.505448179327,0.0,11288.11080672843,0.0
2025-09-17,4891.5422358893065,0.0,5189.135220224098,0.0,4985.567158001709,0.0,6936.08667738268,0.0,7397.7766511736445,0.0,7105.1101085339305,0.0,10579.794685705958,0.0,11660.594836738013,0.0,11171.833416834661,0.0
2025-09-18,4931.182161242248,0.0,5196.195898190426,0.0,5027.949673171911,0.0,6984.954724667958,0.0,7407.842551633742,0.0,7165.5109470779635,0.0,10656.38550641427,0.0,11676.461007408832,0.0,11266.805640507955,0.0
2025-09-19,4915.2038679236575,0.0,5199.971243690346,0.0,5067.970554681699,0.0,6960.251886851777,0.0,7413.224790023013,0.0,7222.546137008412,0.0,10641.168087153228,0.0,11684.94465109414,0.0,11356.48583280155,0.0
2025-09-22,4896.958815803909,0.0,5249.566869898366,0.0,5115.422573670652,0.0,6950.34066092317,0.0,7483.929705195025,0.0,7290.171706798931,0.0,10745.380640003048,100.0,11896.391834168522,100.0,11562.817978099447,100.0
2025-09-23,4864.745217344945,0.0,5223.979719619274,0.0,5059.930306492673,0.0,6914.255789477569,0.0,7447.451946402574,0.0,7211.087691685641,0.0,10676.285263633587,0.0,11838.407095011227,0.0,11437.38416000715,0.0
2025-09-24,4848.16299245791,0.0,5200.43965039933,0.0,5038.116591649755,0.0,6876.752018735336,0.0,7413.89256375947,0.0,7180.000186307974,0.0,10606.534943010369,0.0,11785.06138208209,0.0,11388.076793797942,0.0
2025-09-25,4844.26066560914,0.0,5200.814751284422,0.0,5044.675590844089,0.0,6859.345636636249,0.0,7414.427318097486,0.0,7189.347650698807,0.0,10579.226862651243,0.0,11785.911423088706,0.0,11402.902648888183,0.0
2025-09-26,4784.9099412880605,0.0,5227.424280728844,0.0,5109.209971968534,0.0,6783.228667604253,0.0,7452.362609291181,0.0,7281.317905866138,0.0,10466.807695114428,0.0,11846.213043515501,0.0,11548.775114266113,0.0
2025-09-29,4782.080644982482,0.0,5254.54072757992,0.0,5103.670757791931,0.0,6977.317511776875,200.0,7691.020576151606,200.0,7473.423773585451,200.0,10571.961348852292,100.0,12007.663423115495,100.0,11636.254364642135,100.0
2025-09-30,4811.736650478687,0.0,5264.848703728505,0.0,5112.759019714867,0.0,7017.782559797057,0.0,7706.108261406594,0.0,7486.731926861549,0.0,10630.524218282262,0.0,12031.219184614505,0.0,11656.975397108094,0.0
2025-10-01,4844.729197545267,0.0,5304.265189142207,0.0,5128.255097823977,0.0,7056.313710619923,0.0,7763.8017908839065,0.0,7509.423194389173,0.0,10682.25279324354,0.0,12121.293639206824,0.0,11692.306106138782,0.0
2025-10-02,4841.316223192079,0.0,5329.717146206345,0.0,5134.944908509734,0.0,7070.376676129894,0.0,7801.055574921806,0.0,7519.219239744057,0.0,10709.297399056344,0.0,12179.456388290037,0.0,11707.558723810467,0.0
2025-10-03,4874.51668099258,0.0,5349.56527924561,0.0,5138.784872353435,0.0,7121.866024791141,0.0,7830.107095790595,0.0,7524.842188096555,0.0,10788.35182014702,0.0,12224.813292626468,0.0,11716.313754876708,0.0
2025-10-06,4977.102194322917,100.0,5480.024157991236,100.0,5262.777364256694,100.0,7121.318501698702,0.0,7874.689462795484,0.0,7559.974951922206,0.0,10894.960408306659,100.0,12394.417846703529,100.0,11871.016095971443,100.0
2025-10-07,4979.423820998937,0.0,5438.796697278394,0.0,5244.248192569495,0.0,7115.80789471503,0.0,7815.446393587512,0.0,7533.357813453365,0.0,10872.361862999756,0.0,12301.171839003293,0.0,11829.220656012747,0.0
2025-10-08,5007.0440845354715,0.0,5508.2500039330025,0.0,5300.725533852266,0.0,7141.957931103809,0.0,7915.2494612933,0.0,7614.487463426545,0.0,10908.829860702603,0.0,12458.257515762061,0.0,11956.614117871677,0.0
2025-10-09,5055.394873073252,0.0,5462.2511382374605,0.0,5295.656264125986,0.0,7216.9734236041795,0.0,7849.1499747673115,0.0,7607.205462022589,0.0,10989.820717175973,0.0,12354.219806170297,0.0,11945.179588468209,0.0
2025-10-10,5070.756347827327,0.0,5290.496347640392,0.0,5181.713764244636,0.0,7243.814381252677,0.0,7602.341639492534,0.0,7443.527163390235,0.0,11052.740280139951,0.0,11965.754248271465,0.0,11688.164488552848,0.0
2025-10-13,5018.856702520102,0.0,5427.425414768921,0.0,5244.913720554598,0.0,7168.961038538555,0.0,7799.106079024257,0.0,7534.313843805581,0.0,11036.575269882502,100.0,12375.452896383344,100.0,11930.721858301324,100.0
2025-10-14,5004.717803885783,0.0,5395.222787759606,0.0,5254.612731770312,0.0,7134.018570643392,0.0,7752.8315225125325,0.0,7548.246464696445,0.0,10921.441338187762,0.0,12302.025430644406,0.0,11952.7844147666,0.0
2025-10-15,5084.403107350735,0.0,5467.090488375591,0.0,5261.823887462957,0.0,7221.75724767606,0.0,7856.104027968691,0.0,7558.605283365284,0.0,11041.438458258079,0.0,12465.896009376693,0.0,11969.187790957267,0.0
2025-10-16,5090.729513011234,0.0,5481.81741899753,0.0,5206.22375082171,0.0,7230.622589602578,0.0,7877.26634441921,0.0,7478.73573707095,0.0,11054.590712815912,0.0,12499.475915555444,0.0,11842.712923896896,0.0
2025-10-17,5027.753908255481,0.0,5455.847663680005,0.0,5211.932952784789,0.0,7146.184725996358,0.0,7839.948304816762,0.0,7486.937000557695,0.0,10927.092658732508,0.0,12440.260457193164,0.0,11855.699772543694,0.0
2025-10-20,5047.740637802212,0.0,5550.358087596628,0.0,5285.177820117668,0.0,7185.498775079075,0.0,7975.757968767838,0.0,7592.153186625948,0.0,10992.89816005911,0.0,12655.760295517002,0.0,12022.311500830494,0.0
2025-10-21,5072.807380550621,0.0,5494.853244723533,0.0,5291.013708493723,0.0,7216.748512345793,0.0,7895.998575614525,0.0,7600.536435031027,0.0,11044.302704307642,0.0,12529.199814993772,0.0,12035.586525877703,0.0
2025-10-22,5070.827287382952,0.0,5510.633502841451,0.0,5283.486819753101,0.0,7221.689689967408,0.0,7918.674503446001,0.0,7589.72406612265,0.0,11063.85666441821,0.0,12565.181486984999,0.0,12018.46494470263,0.0
2025-10-23,5036.126007641219,0.0,5555.512873297487,0.0,5311.118352530154,0.0,7177.778076380902,0.0,7983.165296814436,0.0,7629.416738113009,0.0,11004.889936435562,0.0,12667.514083502434,0.0,12081.319006684547,0.0
2025-10-24,5043.530682389567,0.0,5587.439635615254,0.0,5350.110333870427,0.0,7181.749668145212,0.0,8029.043441062809,0.0,7685.428684250107,0.0,11003.378924905714,0.0,12740.312530832982,0.0,12170.01493360738,0.0
2025-10-27,5071.282049652982,0.0,5642.668420309322,0.0,5406.877424119395,0.0,7338.716973569918,100.0,8208.406143914981,100.0,7866.97455835271,100.0,11496.803108113756,400.0,13266.243551763473,400.0,12699.144295985894,400.0
2025-10-28,5104.578589806439,0.0,5630.932165784804,0.0,5411.905671980444,0.0,7384.315556389987,0.0,8191.333380362392,0.0,7874.290629144237,0.0,11572.98206422857,0.0,13238.650930806454,0.0,12710.954152236489,0.0
2025-10-29,5162.995556881469,0.0,5660.318403275786,0.0,5411.666180163556,0.0,7459.052485630946,0.0,8234.081625412435,0.0,7873.9421699722225,0.0,11663.549650695733,0.0,13307.739694240114,0.0,12710.391657306089,0.0
2025-10-30,5224.151813153035,0.0,5628.021379839548,0.0,5377.292361115953,0.0,7524.614858236927,0.0,8187.09905159151,0.0,7823.928467291519,0.0,11778.50001346291,0.0,13231.807502768432,0.0,12629.657796733927,0.0
2025-10-31,5230.013700331607,0.0,5629.806957313773,0.0,5409.329132805823,0.0,7534.117141574563,0.0,8189.696536330665,0.0,7870.541779938792,0.0,11803.368726126002,0.0,13236.005499866462,0.0,12704.902629297052,0.0
2025-11-03,5282.105462981834,0.0,5687.2713397528805,0.0,5440.365581074529,0.0,7610.682580979212,0.0,8273.290140408431,0.0,7915.699627945917,0.0,11941.017061382656,0.0,13371.107624642224,0.0,12777.798000152143,0.0
2025-11-04,5249.562558980811,0.0,5587.342489961817,0.0,5380.030461984383,0.0,7582.131319732027,0.0,8127.923352307429,0.0,7827.91238780247,0.0,11863.703791187745,0.0,13136.169052954332,0.0,12636.088779960965,0.0
2025-11-05,5265.010483077587,0.0,5653.952009504545,0.0,5414.470605277584,0.0,7607.454842252058,0.0,8224.820413897978,0.0,7878.022591866836,0.0,11906.854539698323,0.0,13292.77193005044,0.0,12716.97841642725,0.0
2025-11-06,5241.766875023137,0.0,5606.416899996223,0.0,5351.146651063921,0.0,7564.657922764855,0.0,8155.670951998814,0.0,7785.886614359574,0.0,11868.465877642619,0.0,13181.014106796561,0.0,12568.249312940558,0.0
2025-11-07,5182.546999292643,0.0,5564.635630194635,0.0,5332.090632529606,0.0,7480.20958106646,0.0,8094.891617436902,0.0,7758.160220503445,0.0,11726.34936605695,0.0,13082.78389729235,0.0,12523.49240241865,0.0
2025-11-10,5264.42556521089,100.0,5765.1809467152625,100.0,5517.796486786954,100.0,7582.012860313549,100.0,8341.155181480339,100.0,7982.861729721449,100.0,11960.625123753862,200.0,13519.171818324692,200.0,12924.789921272992,200.0
2025-11-11,5250.394288126827,0.0,5764.749992938181,0.0,5524.043255020203,0.0,7546.257573416529,0.0,8340.531670724318,0.0,7991.899229959644,0.0,11961.337224496594,0.0,13518.161244985891,0.0,12939.422241855125,0.0
2025-11-12,5222.337127015135,0.0,5750.727337688413,0.0,5512.680173485959,0.0,7517.636356126428,0.0,8320.243470826386,0.0,7975.4597130385955,0.0,11949.638242079884,0.0,13485.2785501628,0.0,12912.805558539585,0.0
2025-11-13,5248.751307069188,0.0,5681.169238174184,0.0,5419.0045786599,0.0,7545.198540547193,0.0,8219.605709836835,0.0,7839.934721724304,0.0,11979.079289867974,0.0,13322.166948396896,0.0,12693.381484676702,0.0
2025-11-14,5195.322297699534,0.0,5664.833427993358,0.0,5399.589997135792,0.0,7484.474026408185,0.0,8195.970800717269,0.0,7811.846712277328,0.0,11865.97011517083,0.0,13283.859976479222,0.0,12647.90510869774,0.0
2025-11-17,5320.382484292658,100.0,5705.846293296595,100.0,5456.937697520952,100.0,7652.198723852256,100.0,8210.627279193122,100.0,7850.139577718222,100.0,12044.31954670989,100.0,13245.536961745303,100.0,12647.997108556543,100.0
2025-11-18,5225.268444305933,0.0,5689.613340516118,0.0,5422.678051210966,0.0,7524.578759332847,0.0,8187.268303491688,0.0,7800.854975194939,0.0,11835.731166210653,0.0,13207.85382676414,0.0,12568.590684754834,0.0
2025-11-19,5218.977299189554,0.0,5674.208920848355,0.0,5448.0433542086175,0.0,7514.445052036844,0.0,8165.101574518832,0.0,7837.344519331228,0.0,11823.388398324434,0.0,13172.09404642738,0.0,12627.381951350695,0.0
2025-11-20,5299.597435761859,0.0,5615.87229499152,0.0,5383.82899162111,0.0,7639.718676791908,0.0,8081.1560444405095,0.0,7744.968220178107,0.0,12008.844551636841,0.0,13036.671552674261,0.0,12478.546997141199,0.0
2025-11-21,5179.26930427102,0.0,5617.795874940535,0.0,5440.344842500001,0.0,7485.26940473758,0.0,8083.924047150582,0.0,7826.2697380521995,0.0,11780.491275359913,0.0,13041.136946237963,0.0,12609.53847223694,0.0
2025-11-24,5193.013081434937,0.0,5690.334590026516,0.0,5533.34510551951,0.0,7509.944406854292,0.0,8188.3061707248335,0.0,7960.056320552365,0.0,11919.616828485838,100.0,13309.528133529087,100.0,12925.09289542563,100.0
2025-11-25,5211.838075007895,0.0,5704.305825468994,0.0,5579.349278447925,0.0,7564.170457157612,0.0,8208.410569082498,0.0,8026.236144963702,0.0,12010.033639866318,0.0,13342.206449406634,0.0,13032.55198162719,0.0
2025-11-26,5280.781432242414,0.0,5723.379249719448,0.0,5596.121571315286,0.0,7645.660902286694,0.0,8235.856940647465,0.0,8050.36411697756,0.0,12143.75756624654,0.0,13386.818637433169,0.0,13071.72962900792,0.0
2025-11-27,5293.440025596832,0.0,5704.978141266914,0.0,5578.129606174693,0.0,7656.762514946872,0.0,8209.378021436958,0.0,8024.4815715903815,0.0,12153.07037750484,0.0,13343.778976625457,0.0,13029.703003814879,0.0
2025-11-28,5312.336657043491,0.0,5714.519012922219,0.0,5609.683536734015,0.0,7692.569239106481,0.0,8223.107192720867,0.0,8069.873836051975,0.0,12197.771587847083,0.0,13366.094799659351,0.0,13103.40841634883,0.0
2025-12-01,5333.35416947966,100.0,5809.516654615323,100.0,5683.29578986278,100.0,7581.56459544563,0.0,8215.90887410805,0.0,8031.913443692208,0.0,12051.830952253777,0.0,13354.394428166905,0.0,13041.770460806987,0.0
2025-12-02,5326.308952794967,0.0,5808.555321801292,0.0,5690.783887802419,0.0,7565.491324473558,0.0,8214.549342279961,0.0,8042.495992398602,0.0,12031.634520722173,0.0,13352.184602747931,0.0,13058.953809717137,0.0
2025-12-03,5326.111470300479,0.0,5802.713739740357,0.0,5700.5471278841205,0.0,7554.262084185786,0.0,8206.28808600916,0.0,8056.293884003345,0.0,12000.57222597464,0.0,13338.756499247402,0.0,13081.358052045405,0.0
2025-12-04,5319.759087533467,0.0,5782.28449139193,0.0,5685.67707243053,0.0,7544.5261992917885,0.0,8177.3967250275455,0.0,8035.278789466267,0.0,11980.115577711402,0.0,13291.795580373175,0.0,13047.234920479543,0.0
2025-12-05,5313.839727275139,0.0,5837.950452915278,0.0,5708.239518526906,0.0,7553.348221518444,0.0,8256.120394216461,0.0,8067.1651492167675,0.0,11974.658982179015,0.0,13419.755486610018,0.0,13099.010202622718,0.0
2025-12-08,5284.124622645062,0.0,5826.440806027809,0.0,5692.349693026815,0.0,7512.449851274817,0.0,8239.843272448425,0.0,8044.708865438655,0.0,11905.801232876738,0.0,13393.298145422763,0.0,13062.546948817751,0.0
2025-12-09,5318.209624954907,0.0,5816.231885138618,0.0,5686.841312279884,0.0,7558.27939245317,0.0,8225.405657632065,0.0,8036.92415054608,0.0,11965.143101014311,0.0,13369.830796184357,0.0,13049.90656549645,0.0
2025-12-10,5377.6819992557785,0.0,5887.935614729162,0.0,5731.021469925251,0.0,7631.733599082501,0.0,8326.810188038493,0.0,8099.361724667985,0.0,12049.430633456726,0.0,13534.65688135652,0.0,13151.289195617672,0.0
2025-12-11,5382.687973671807,0.0,5823.648099444198,0.0,5708.554626641183,0.0,7625.638852409125,0.0,8235.893783331316,0.0,8067.61047551912,0.0,12017.170901905725,0.0,13386.87852268013,0.0,13099.733298489746,0.0
2025-12-12,5435.249938912898,0.0,5737.010611479193,0.0,5628.8053966744765,0.0,7687.303037051486,0.0,8113.369699397995,0.0,7954.904937046846,0.0,12088.261628228182,0.0,13187.724056769257,0.0,12916.72836788116,0.0
2025-12-15,5433.345586447018,0.0,5720.960207232278,0.0,5621.159271543311,0.0,7682.942748933259,0.0,8090.670967898448,0.0,7944.099056532462,0.0,12080.096212438923,0.0,13150.828830920382,0.0,12899.182385310072,0.0
2025-12-16,5374.8729843335495,0.0,5676.5923125666895,0.0,5597.707327161946,0.0,7588.7650313444565,0.0,8027.925200706455,0.0,7910.9556140086015,0.0,11921.933810623084,0.0,13048.839904726165,0.0,12845.365922681656,0.0
2025-12-17,5350.7165710845165,0.0,5638.328050257124,0.0,5538.5203875492125,0.0,7558.8549770672635,0.0,7973.811285391212,0.0,7827.309716708229,0.0,11861.023894895823,0.0,12960.881459684302,0.0,12709.54640716678,0.0
2025-12-18,5342.614047924668,0.0,5706.128004651579,0.0,5583.752540169826,0.0,7545.87319918913,0.0,8069.695036155742,0.0,7891.234021927156,0.0,11833.828194930222,0.0,13116.73389750733,0.0,12813.34310783797,0.0
2025-12-19,5430.874489039906,0.0,5770.088529791907,0.0,5642.366058073847,0.0,7667.746052343704,0.0,8160.149006310995,0.0,7974.069531434708,0.0,12022.246936709,0.0,13263.760600645885,0.0,12947.84676111749,0.0
2025-12-22,5457.80510842904,0.0,5809.944341167132,0.0,5686.038259157748,0.0,7732.444743790896,0.0,8216.51371508627,0.0,8035.789236333241,0.0,12126.640322200976,0.0,13355.37755554979,0.0,13048.06375546615,0.0
2025-12-23,5467.411318955923,0.0,5813.487930391972,0.0,5683.9383484797645,0.0,7743.687796007292,0.0,8221.52511412158,0.0,8032.821539167957,0.0,12137.865156653319,0.0,13363.52323978022,0.0,13043.244975296497,0.0
2025-12-24,5464.374595241506,0.0,5810.662658550414,0.0,5689.637012356532,0.0,7753.70524486009,0.0,8217.529570709823,0.0,8040.875171548756,0.0,12137.742907488488,0.0,13357.028758951252,0.0,13056.322011748949,0.0
2025-12-25,5464.374595241506,0.0,5810.662658550414,0.0,5689.637012356532,0.0,7753.70524486009,0.0,8217.529570709823,0.0,8040.875171548756,0.0,12136.2382067023,0.0,13357.028758951252,0.0,13056.322011748949,0.0
2025-12-26,5525.251475459889,0.0,5856.276131360519,0.0,5693.9594096446735,0.0,7811.5361276693375,0.0,8282.036853900363,0.0,8046.983796222053,0.0,12217.608830471365,0.0,13461.880908167606,0.0,13066.24085380058,0.0
2025-12-29,5623.615750263369,100.0,5947.579411178677,100.0,5779.752731644478,100.0,7903.5279050393365,100.0,8369.737816860705,100.0,8126.906219365415,100.0,12308.420736894193,100.0,13541.889669921055,100.0,13133.640010849625,100.0
2025-12-30,5635.668767647846,0.0,5971.446770258151,0.0,5772.626029040659,0.0,7905.276424115222,0.0,8403.32518477388,0.0,8116.885367885482,0.0,12304.581431593586,0.0,13596.232642250126,0.0,13117.445624894237,0.0
2025-12-31,5671.816981935215,0.0,5965.914899459072,0.0,5742.337261263271,0.0,7967.7704248375285,0.0,8395.540453369029,0.0,8074.29635298191,0.0,12398.1679049106,0.0,13583.63726876279,0.0,13048.61884443658,0.0
2026-01-01,5643.909977231477,0.0,5965.914899459072,0.0,5742.337261263271,0.0,7952.813578857036,0.0,8395.540453369029,0.0,8074.29635298191,0.0,12375.149631548356,0.0,13583.63726876279,0.0,13048.61884443658,0.0
2026-01-02,5625.773054675114,0.0,6131.098923691427,0.0,5751.308714160724,0.0,7932.389375981533,0.0,8627.995857286836,0.0,8086.911106542191,0.0,12323.602213556815,0.0,13959.740499462625,0.0,13069.005154751265,0.0
2026-01-05,5674.233015926524,0.0,6222.943667710556,0.0,5812.267712577676,0.0,7989.692598376153,0.0,8757.24447662464,0.0,8172.625511009466,0.0,12413.151825707255,0.0,14168.859420671395,0.0,13207.525534048254,0.0
2026-01-06,5720.355600305124,0.0,6263.406490914666,0.0,5841.701438143569,0.0,8046.588439650394,0.0,8814.185830095577,0.0,8214.012251665496,0.0,12481.521004851977,0.0,14260.988175864424,0.0,13274.409356541917,0.0
2026-01-07,5738.56427495601,0.0,6230.587860223026,0.0,5836.1729207559465,0.0,8074.334324600804,0.0,8768.001775136827,0.0,8206.238607285288,0.0,12491.86260441189,0.0,14186.264284812416,0.0,13261.846611986219,0.0
2026-01-08,5646.849949618671,0.0,6238.899923586015,0.0,5841.310402825465,0.0,7951.382086258658,0.0,8779.698935654698,0.0,8213.462417181869,0.0,12330.868107141536,0.0,14205.189806812075,0.0,13273.520786158728,0.0
2026-01-09,5673.73440262297,0.0,6278.694115471323,0.0,5889.4844628678975,0.0,7974.4174082612,0.0,8835.699356950105,0.0,8281.199928862501,0.0,12331.62775952162,0.0,14295.796172655913,0.0,13382.989268952859,0.0
2026-01-12,5713.45429573522,0.0,6385.303989063482,0.0,5916.0630765314645,0.0,8027.315025375698,0.0,8985.726221488967,0.0,8318.57209869633,0.0,12499.271663676076,100.0,14638.533435347314,100.0,13543.385268583354,100.0
2026-01-13,5722.033007294007,0.0,6314.414080331342,0.0,5882.340419297173,0.0,8031.794405762939,0.0,8885.966317681039,0.0,8271.154694261291,0.0,12478.383923789186,0.0,14476.01583227289,0.0,13466.18545964011,0.0
2026-01-14,5835.140810796914,0.0,6354.082174490375,0.0,5865.720285106899,0.0,8178.341145992216,0.0,8941.789287809293,0.0,8247.785135356444,0.0,12675.473775130944,0.0,14566.956329962284,0.0,13428.13771105417,0.0
2026-01-15,5816.03823733834,0.0,6389.407764816939,0.0,5879.7768965388,0.0,8143.602634680933,0.0,8991.501264534389,0.0,8267.550126727732,0.0,12605.701080999981,0.0,14647.941485250816,0.0,13460.316898755571,0.0
2026-01-16,5793.805705560478,0.0,6385.669781079329,0.0,5893.73436377745,0.0,8131.1787558459155,0.0,8986.24098271475,0.0,8287.17571151916,0.0,12593.461406743869,0.0,14639.372026378145,0.0,13492.269119977913,0.0
2026-01-19,5845.230699399851,100.0,6476.921957227323,100.0,5985.660449558208,100.0,8167.909592236709,100.0,9073.930597758515,100.0,8375.822986458148,100.0,12590.603267515758,100.0,14719.317333263536,100.0,13573.785860167774,100.0
2026-01-20,5838.70984968018,0.0,6406.416993436633,0.0,5856.654472014777,0.0,8129.418736061133,0.0,8975.155724067114,0.0,8195.30301857749,0.0,12518.439845112822,0.0,14559.08922762033,0.0,13281.236770787771,0.0
2026-01-21,5765.1361713899005,0.0,6463.342346017318,0.0,5879.427320796738,0.0,8007.736813106559,0.0,9054.906059485884,0.0,8227.16940189517,0.0,12358.155673282767,0.0,14688.456592933117,0.0,13332.879154347158,0.0
2026-01-22,5846.444415443314,0.0,6542.781305249443,0.0,5937.931395949205,0.0,8125.851797651761,0.0,9166.197133794125,0.0,8309.03501749314,0.0,12575.079317789898,0.0,14868.987909704203,0.0,13465.549858734566,0.0
2026-01-23,5862.445028057169,0.0,6538.29344391316,0.0,5898.829019214498,0.0,8135.208595248168,0.0,9159.909804323937,0.0,8254.318484766349,0.0,12548.225271020041,0.0,14858.78888992403,0.0,13376.876721844605,0.0
2026-01-26,5900.027637668229,100.0,6592.007785332806,100.0,5976.865134292273,100.0,8162.6308350296695,100.0,9195.065290772089,100.0,8323.584096513994,100.0,12555.2085345366,100.0,14853.601070598352,100.0,13427.068839639449,100.0
2026-01-27,5938.468586564895,0.0,6712.15169438079,0.0,5991.569770191354,0.0,8236.935289913954,0.0,9362.651726340751,0.0,8344.06226872711,0.0,12667.019554454,0.0,15124.318241174466,0.0,13460.102905833442,0.0
2026-01-28,5957.167033937444,0.0,6678.383488823027,0.0,5920.59729663547,0.0,8246.542406999024,0.0,9315.549103745749,0.0,8245.223606835509,0.0,12688.927629109356,0.0,15048.22921480211,0.0,13300.662753388515,0.0
2026-01-29,5999.058609936575,0.0,6666.4230827987385,0.0,5928.51872627403,0.0,8275.90068874259,0.0,9298.865762663814,0.0,8256.255257086887,0.0,12706.427647772469,0.0,15021.279140482955,0.0,13318.458299828913,0.0
2026-01-30,5859.015817403304,0.0,6525.181824850129,0.0,5916.784017671712,0.0,8113.703892990796,0.0,9101.851039550485,0.0,8239.913105857966,0.0,12513.703733690263,0.0,14703.023857935192,0.0,13292.096195836904,0.0
2026-02-02,5961.552079567272,100.0,6709.4320005542095,100.0,6104.683858794096,100.0,8233.582081047953,100.0,9319.369994561692,100.0,8462.32539109669,100.0,12678.17288241594,100.0,14992.862605216504,100.0,13589.563796531454,100.0
2026-02-03,6155.34044336295,0.0,6774.504321587988,0.0,6078.958107240374,0.0,8514.09751719171,0.0,9409.75514729423,0.0,8426.664301085535,0.0,13120.741359258507,0.0,15138.272882655996,0.0,13532.296008380656,0.0
2026-02-04,6164.333255847162,0.0,6673.71502861426,0.0,6040.590922406929,0.0,8558.055092219734,0.0,9269.759285850989,0.0,8373.479630116333,0.0,13192.255661758752,0.0,14913.049641477426,0.0,13446.887276651441,0.0
2026-02-05,6089.466758008331,0.0,6651.2333519122585,0.0,5972.478218716949,0.0,8457.885333806445,0.0,9238.532340967016,0.0,8279.061659386916,0.0,13040.27297324187,0.0,14862.812201124776,0.0,13295.262400808637,0.0
2026-02-06,6039.582250787795,0.0,6840.011942849381,0.0,6099.343346396002,0.0,8415.64783271549,0.0,9500.744930028164,0.0,8454.922361764917,0.0,12986.394378561703,0.0,15284.65587976894,0.0,13577.675345692924,0.0
2026-02-09,6131.238272545972,0.0,6862.198055942961,0.0,6103.921842665277,0.0,8539.309706771426,0.0,9531.561338428042,0.0,8461.26908276288,0.0,13166.179701283081,0.0,15334.232855186288,0.0,13587.867481532006,0.0
2026-02-10,6166.714436421249,0.0,6827.217124518217,0.0,6047.796730375539,0.0,8564.741231292257,0.0,9482.972986586237,0.0,8383.46833602586,0.0,13222.558875921875,0.0,15256.064643836897,0.0,13462.928039672102,0.0
2026-02-11,6249.949860673415,0.0,6943.791936566025,0.0,6053.7404228709665,0.0,8689.962785892158,0.0,9644.894860961038,0.0,8391.707494856088,0.0,13386.842042668348,0.0,15516.562125608429,0.0,13476.159222518245,0.0
2026-02-12,6260.111772392716,0.0,6872.669404833755,0.0,5967.020003550084,0.0,8704.077685250544,0.0,9546.105993571335,0.0,8271.495470233633,0.0,13405.722179456186,0.0,15357.632078130644,0.0,13283.111933242908,0.0
2026-02-13,6210.115252327415,0.0,6906.457258823332,0.0,5975.05384846821,0.0,8626.28247510637,0.0,9593.03716637778,0.0,8282.632002675171,0.0,13291.66120618187,0.0,15433.134244714789,0.0,13300.995979423129,0.0
2026-02-16,6219.232304972817,0.0,6907.030302235309,0.0,5975.549611363101,0.0,8744.79595356275,100.0,9693.833121024722,100.0,8383.319230225432,100.0,13411.262460754166,100.0,15534.414764607069,100.0,13402.099591279844,100.0
2026-02-17,6213.021778004399,0.0,6888.983382716273,0.0,5994.070337391895,0.0,8737.043441717471,0.0,9668.504750001144,0.0,8409.30264075217,0.0,13430.212793352877,0.0,15493.825926746971,0.0,13443.63829999857,0.0
2026-02-18,6224.092526454042,0.0,6924.050039481178,0.0,6023.266913355775,0.0,8757.474703431499,0.0,9717.719869077893,0.0,8450.263595418044,0.0,13476.606325891538,0.0,15572.693394639482,0.0,13509.12104957665,0.0
2026-02-19,6222.051735777652,0.0,6943.995872858584,0.0,6039.491699579413,0.0,8751.385932497851,0.0,9745.71331514078,0.0,8473.025947201764,0.0,13477.278939280208,0.0,15617.553028223268,0.0,13545.510371891527,0.0
2026-02-20,6251.927553025701,0.0,7103.758327693558,0.0,6093.352329164133,0.0,8789.638696106073,0.0,9969.935666630145,0.0,8548.589013549838,0.0,13534.32828879363,0.0,15976.870437966658,0.0,13666.31022607913,0.0
2026-02-23,6216.733261507705,0.0,6986.1893138205905,0.0,5997.698640256321,0.0,8742.5869799938,0.0,9804.930686078784,0.0,8414.392920835959,0.0,13536.845873268107,100.0,15812.449153412937,100.0,13551.775940801333,100.0
2026-02-24,6316.3898258008985,0.0,7120.716200726366,0.0,6062.241350044931,0.0,8858.91934334419,0.0,9993.735589907497,0.0,8504.942271997365,0.0,13695.776541205563,0.0,16116.935542689038,0.0,13697.609933826036,0.0
2026-02-25,6471.37649916752,0.0,7210.555929298787,0.0,6123.05810598883,0.0,9062.68304374529,0.0,10119.823256865811,0.0,8590.26434490843,0.0,13958.702935297575,0.0,16320.277604605046,0.0,13835.025149133167,0.0
2026-02-26,6524.4711725767265,0.0,7118.08252711969,0.0,6068.469461938377,0.0,9122.265578610393,0.0,9990.039299125321,0.0,8513.679920180393,0.0,14024.382235553663,0.0,16110.974520431902,0.0,13711.682327585155,0.0
2026-02-27,6503.215886449453,0.0,7110.6286973136985,0.0,6045.53725894662,0.0,9080.57959071297,0.0,9979.578047459981,0.0,8481.507485703964,0.0,13964.662623424452,0.0,16094.103619929352,0.0,13659.867107212563,0.0
2026-03-02,6465.132966579876,0.0,7013.811847839357,0.0,6071.3924045268495,0.0,9105.994242354356,100.0,9943.698177090238,100.0,8617.780624283692,100.0,14126.228716907117,300.0,16174.969634184354,300.0,14018.286704600854,300.0
2026-03-03,6412.460226269108,0.0,6697.964439329821,0.0,6049.864594507342,0.0,9044.37756086589,0.0,9495.911528635668,0.0,8587.223886766438,0.0,14018.962600914958,0.0,15446.57509602015,0.0,13968.580971077417,0.0
2026-03-04,6251.737780345569,0.0,6819.770090719536,0.0,6137.161302878077,0.0,8821.493821509079,0.0,9668.599171241352,0.0,8711.133499559734,0.0,13716.089313170089,0.0,15727.478370194463,0.0,14170.141042437072,0.0
2026-03-05,6375.364272864621,0.0,6642.401872885684,0.0,6090.682436226523,0.0,8989.875407956952,0.0,9417.138758186282,0.0,8645.161042208798,0.0,13952.282098428814,0.0,15318.438949153286,0.0,14062.82561378176,0.0
2026-03-06,6409.310870729625,0.0,6622.352754417897,0.0,6025.118394874877,0.0,9017.848148281775,0.0,9388.714502291565,0.0,8552.098942518343,0.0,14019.164085331133,0.0,15272.202481816556,0.0,13911.44427191784,0.0
2026-03-09,6261.050847846441,0.0,6802.60311149909,0.0,6122.6285223206605,0.0,8905.779940057597,100.0,9744.261013377438,100.0,8790.505560141539,100.0,13704.878303682297,0.0,15687.888575996187,0.0,14136.586188641588,0.0
2026-03-10,6338.104437904396,0.0,6774.126414846061,0.0,6063.341297736388,0.0,9033.825787865926,0.0,9703.4701043037,0.0,8705.384492375715,0.0,13928.480777144132,0.0,15622.216768192204,0.0,13999.697439444168,0.0
2026-03-11,6473.480297528602,0.0,6794.9146413893895,0.0,6058.826539657593,0.0,9201.135158014265,0.0,9733.247808826987,0.0,8698.902471483927,0.0,14209.453632059603,0.0,15670.157736724239,0.0,13989.273278241331,0.0
2026-03-12,6486.6309184042275,0.0,6616.57173376926,0.0,6002.018741335121,0.0,9228.533715051113,0.0,9477.783861680404,0.0,8617.341216347742,0.0,14246.356826272557,0.0,15258.870525460312,0.0,13858.109296261218,0.0
2026-03-13,6381.4021815574715,0.0,6611.4851500748055,0.0,5979.206939846282,0.0,9102.554299391857,0.0,9470.497680438786,0.0,8584.589389727289,0.0,14096.797530014437,0.0,15247.14005156331,0.0,13805.43894451776,0.0
2026-03-16,6508.98724527958,100.0,6946.835335363661,100.0,6185.777900066286,100.0,9328.577880483694,200.0,10007.620631375721,200.0,8937.597630378885,200.0,14346.618787201414,200.0,15989.895144376302,200.0,14251.501490834933,200.0
2026-03-17,6562.424807450631,0.0,6951.69160582846,0.0,6167.298760974098,0.0,9428.299480707245,0.0,10014.61658135134,0.0,8910.897817933306,0.0,14471.821274929329,0.0,16001.073076740637,0.0,14208.927140029542,0.0
2026-03-18,6631.340655847443,0.0,6787.3085596820265,0.0,6060.193116222694,0.0,9532.773381949375,0.0,9777.806136789777,0.0,8756.144903716953,0.0,14599.182169810485,0.0,15622.70400010309,0.0,13962.164925072693,0.0
2026-03-19,6620.551573715747,0.0,6838.837469451723,0.0,6084.811574576543,0.0,9529.64536890977,0.0,9852.03875576354,0.0,8791.715187455171,0.0,14614.722494195454,0.0,15741.310793606182,0.0,14018.88374065257,0.0
2026-03-20,6591.3680481564925,0.0,6539.330183933097,0.0,5938.999296521029,0.0,9475.722352817886,0.0,9420.568144311854,0.0,8581.036515850239,0.0,14509.297217895555,0.0,15051.919170050603,0.0,13682.944763912405,0.0
2026-03-23,6460.587762233676,0.0,6745.741629544011,0.0,6010.391071043158,0.0,9378.924826278993,100.0,9817.924759507876,100.0,8784.187803385263,100.0,14206.027504411944,0.0,15527.02721746841,0.0,13847.425286406526,0.0
2026-03-24,6490.16873365304,0.0,6625.83592501589,0.0,5965.978234474266,0.0,9425.423296358593,0.0,9643.41093286841,0.0,8719.27843348057,0.0,14224.823547137832,0.0,15251.033970175347,0.0,13745.101921940597,0.0
2026-03-25,6695.191786127409,0.0,6726.967216151122,0.0,5995.325281578957,0.0,9732.544837603848,0.0,9790.599998463369,0.0,8762.169148942394,0.0,14669.226742336474,0.0,15483.813165737365,0.0,13812.71500025038,0.0
2026-03-26,6708.589323696198,0.0,6528.407262550213,0.0,5915.338701186601,0.0,9774.016026638807,0.0,9501.610767662236,0.0,8645.268745023237,0.0,14723.443483493165,0.0,15026.777309167062,0.0,13628.432782536704,0.0
2026-03-27,6690.105525182934,0.0,6511.502260616401,0.0,5827.781418988763,0.0,9729.326313124793,0.0,9477.00679582931,0.0,8517.303758837019,0.0,14622.606839619995,0.0,14987.8661798128,0.0,13426.708317492046,0.0
2026-03-30,6583.363013093005,0.0,6482.6318372550395,0.0,5830.072121222899,0.0,9793.200287725838,200.0,9634.988043866504,200.0,8720.651620629778,200.0,14632.12932562117,200.0,15121.413612559343,200.0,13631.985898878293,200.0
2026-03-31,6450.256486232645,0.0,6742.954006493646,0.0,6016.294043163681,0.0,9599.989288042438,0.0,10021.898954610035,0.0,8999.20332146689,0.0,14386.26581905745,0.0,15728.642172255317,0.0,14067.41355074519,0.0
2026-04-01,6612.06535918092,0.0,6728.148594293505,0.0,6001.813201125103,0.0,9838.819656661382,0.0,9999.894007681987,0.0,8977.542804072584,0.0,14727.392689735832,0.0,15694.10700703181,0.0,14033.554169528414,0.0
2026-04-02,6527.764135790583,0.0,6643.513796554361,0.0,5998.735216744035,0.0,9701.082496361127,0.0,9874.10323554136,0.0,8972.93873933326,0.0,14530.988858331759,0.0,15496.687530689804,0.0,14026.35716770627,0.0
2026-04-03,6555.72357392385,0.0,6671.618935793088,0.0,6024.112644064241,0.0,9742.476249640747,0.0,9915.875263837046,0.0,9010.898424579993,0.0,14596.951777135724,0.0,15562.245693753297,0.0,14085.695152586342,0.0
2026-04-06,6589.6612009854025,0.0,6751.49693989541,0.0,6069.28368945737,0.0,9809.88893901301,0.0,10034.596121941442,0.0,9078.46550471596,0.0,14690.813779603546,0.0,15748.569453747723,0.0,14191.3149529993,0.0
2026-04-07,6649.411008776677,0.0,6756.815367379753,0.0,6055.53103373523,0.0,9930.056318975807,0.0,10042.500779572829,0.0,9057.894212128575,0.0,14826.882701615526,0.0,15760.975239511614,0.0,14159.158230924822,0.0
2026-04-08,6822.276501324143,0.0,7037.184050838069,0.0,6132.504129481652,0.0,10211.573203963539,0.0,10459.206367798752,0.0,9173.030961418928,0.0,15245.497838834146,0.0,16414.964380498695,0.0,14339.138192405664,0.0
2026-04-09,6887.180621602677,0.0,7034.959989849431,0.0,6182.299382735401,0.0,10341.563168875377,0.0,10455.900796609098,0.0,9247.514955262883,0.0,15440.382931490753,0.0,16409.77652671445,0.0,14455.570403889833,0.0
2026-04-10,7021.517407552383,0.0,7048.35503156765,0.0,6161.35230902854,0.0,10536.965639998725,0.0,10475.80954201408,0.0,9216.18221555213,0.0,15683.889505003624,0.0,16441.02185596709,0.0,14406.591556380346,0.0
2026-04-13,7044.943811349293,0.0,7117.517383697163,0.0,6230.1467116185695,0.0,10652.897137956363,100.0,10678.60397066325,100.0,9419.085233896121,100.0,15761.854342905093,100.0,16702.350242218727,100.0,14667.447941435206,100.0
2026-04-14,7055.675874110234,0.0,7196.118626215154,0.0,6255.848447716728,0.0,10662.959271163021,0.0,10796.531542203044,0.0,9457.942560083351,0.0,15802.244008848287,0.0,16886.800158002017,0.0,14727.956769505212,0.0
2026-04-15,7182.441546707271,0.0,7172.874223601152,0.0,6288.888373997901,0.0,10871.400046473007,0.0,10761.657335837475,0.0,9507.894173772263,0.0,16058.888404083997,0.0,16832.25358892451,0.0,14805.74167909879,0.0
2026-04-16,7280.5914583896,0.0,7195.755847672424,0.0,6299.135327078517,0.0,11010.406858580665,0.0,10795.987255736567,0.0,9523.386092168672,0.0,16243.339242050519,0.0,16885.948842303802,0.0,14829.86577405597,0.0
2026-04-17,7423.121735083916,0.0,7349.324711179622,0.0,6389.568310980972,0.0,11224.532165012866,0.0,11026.390778090363,0.0,9660.107749420222,0.0,16524.61996576131,0.0,17246.321821577705,0.0,15042.769441493572,0.0
2026-04-20,7639.032041753941,100.0,7421.994197066387,100.0,6499.33210662293,100.0,11471.993066325422,100.0,11085.386068049422,100.0,9774.869203301627,100.0,16844.153737482004,100.0,17282.186562833584,100.0,15165.756053353314,100.0
2026-04-21,7696.502865500948,0.0,7285.954795556488,0.0,6433.128824317769,0.0,11515.051860217765,0.0,10882.199532711025,0.0,9675.30075307537,0.0,16920.483281608304,0.0,16965.417477010324,0.0,15011.275129329098,0.0
2026-04-22,7804.860069420592,0.0,7443.565258862088,0.0,6520.482783001706,0.0,11640.895839272142,0.0,11117.604302334435,0.0,9806.679409607783,0.0,17103.802718902418,0.0,17332.414992607766,0.0,15215.10973971088,0.0
2026-04-23,7769.805170514763,0.0,7346.506534385724,0.0,6516.38494698018,0.0,11575.00310910513,0.0,10972.638757559664,0.0,9800.516343854277,0.0,17009.476849935367,0.0,17106.412797050383,0.0,15205.547713885831,0.0
2026-04-24,7826.953414253816,0.0,7524.528496882558,0.0,6579.335932577156,0.0,11676.254774555275,0.0,11238.52985508292,0.0,9895.193403025067,0.0,17222.094824853397,0.0,17520.938689480765,0.0,15352.439621426462,0.0
2026-04-27,7801.863370419043,0.0,7498.239717758446,0.0,6577.964668436226,0.0,11679.704381830568,0.0,11199.265304598139,0.0,9893.131048401412,0.0,17254.147980606762,0.0,17459.725008457997,0.0,15349.239868420324,0.0
2026-04-28,7799.81232452283,0.0,7410.8815508756725,0.0,6536.453935213597,0.0,11675.819229429657,0.0,11068.788376109645,0.0,9830.699712207517,0.0,17193.928751510015,0.0,17256.310656766374,0.0,15252.377353423019,0.0
2026-04-29,7774.702948972283,0.0,7379.1311979293105,0.0,6538.585510840543,0.0,11680.642970459492,0.0,11021.366495835695,0.0,9833.905560532934,0.0,17178.17531243705,0.0,17182.37964732531,0.0,15257.35124234533,0.0
2026-04-30,7630.8846994637015,0.0,7553.5112538840995,0.0,6622.367941587997,0.0,11585.395015091959,0.0,11281.818093007645,0.0,9959.912708445334,0.0,17130.330430216607,0.0,17588.425324515305,0.0,15452.851931558927,0.0
2026-05-01,7601.995550190049,0.0,7541.377723828078,0.0,6615.5653980108,0.0,11541.534805015832,0.0,11263.695623295605,0.0,9949.681815081829,0.0,17065.478097571584,0.0,17560.172280316376,0.0,15436.978651852396,0.0
2026-05-04,7824.044614432189,0.0,7539.441265344543,0.0,6592.721690425955,0.0,11870.155227189645,0.0,11260.803356160284,0.0,9915.325322738132,0.0,17456.71453239771,0.0,17555.663217671616,0.0,15383.674390598708,0.0
2026-05-05,7901.876778931554,0.0,7715.169718780637,0.0,6665.326132748858,0.0,11985.113757105453,0.0,11523.268900831594,0.0,10024.520993253544,0.0,17603.68478985108,0.0,17964.848651672786,0.0,15553.09199268383,0.0
2026-05-06,7996.503483124459,0.0,7945.527334483876,0.0,6744.222360793256,0.0,12156.348865774888,0.0,11867.327793358767,0.0,10143.17938724175,0.0,17773.150316980413,0.0,18501.238627877086,0.0,15737.191055237012,0.0
2026-05-07,8032.005897035838,0.0,7818.445660726559,0.0,6705.425955935279,0.0,12241.60862432066,0.0,11677.520394111463,0.0,10084.830348167621,0.0,17877.90683969578,0.0,18205.327699321097,0.0,15646.662243634411,0.0
2026-05-08,8052.937475277766,0.0,7987.728701808323,0.0,6769.920142401947,0.0,12189.790804388513,0.0,11930.359161609631,0.0,10181.828351461318,0.0,17798.197999465592,0.0,18599.50492719541,0.0,15797.155107018983,0.0
2026-05-11,8260.970103450958,100.0,8056.567365622672,100.0,6863.846458131109,100.0,12461.852699342548,100.0,11983.817028479056,100.0,10272.693648332497,100.0,18229.81917630147,200.0,18726.945449080962,200.0,15982.982571674504,200.0
2026-05-12,8198.777419745207,0.0,7803.565213738615,0.0,6846.995989842035,0.0,12401.64788628805,0.0,11607.486594139582,0.0,10247.474596650545,0.0,18106.325093053383,0.0,18138.859074100754,0.0,15943.744989273491,0.0
2026-05-13,8192.21447293181,0.0,7998.58663655483,0.0,6911.419918072872,0.0,12387.785479361532,0.0,11897.573046793796,0.0,10343.893897748627,0.0,18092.504522036998,0.0,18592.173169389673,0.0,16093.760950206368,0.0
2026-05-14,8315.061262550047,0.0,8032.08717888522,0.0,6977.507724736333,0.0,12552.289876109626,0.0,11947.403744089923,0.0,10442.803422587971,0.0,18319.849782437686,0.0,18670.042912205052,0.0,16247.651377176948,0.0
2026-05-15,8091.440109621492,0.0,7792.6179456905975,0.0,6925.474871616138,0.0,12206.629135265348,0.0,11591.20297714794,0.0,10364.929075745724,0.0,17844.866711914605,0.0,18113.4128906025,0.0,16126.488966326486,0.0
2026-05-18,8142.433587174797,0.0,7812.583352521633,0.0,6949.012900142351,0.0,12357.23368442098,100.0,11720.900709631776,100.0,10500.156984413326,100.0,18069.99827224236,200.0,18359.82112721564,200.0,16381.2990355786,200.0
2026-05-19,7968.283531820763,0.0,7700.193001313732,0.0,6878.595454508535,0.0,12084.44736050042,0.0,11552.286041757126,0.0,10393.754212649685,0.0,17754.086070821657,0.0,18095.70020184516,0.0,16215.300029557828,0.0
2026-05-20,8024.568426326516,0.0,7876.441524908378,0.0,6977.8461300500485,0.0,12148.228381530214,0.0,11816.704525638681,0.0,10543.724818399116,0.0,17849.86194918912,0.0,18509.88987779775,0.0,16449.26923049217,0.0
2026-05-21,8265.283951597961,0.0,7932.577256978843,0.0,6980.728163727581,0.0,12487.952133721785,0.0,11900.922678863,0.0,10548.079653608565,0.0,18311.81775332739,0.0,18641.810646275237,0.0,16456.063210612898,0.0
2026-05-22,8354.050349632274,0.0,7917.408174087855,0.0,7010.6987191049,0.0,12687.137608053945,0.0,11878.165121420227,0.0,10593.36601886563,0.0,18587.343629744308,0.0,18606.162815592885,0.0,16526.714486837784,0.0
2026-05-25,8522.903934159773,0.0,7903.054870032726,0.0,6997.989169699131,0.0,13026.046956794922,0.0,11856.631443749959,0.0,10574.161526676675,0.0,19021.319156152327,0.0,18572.432091305425,0.0,16496.753551030757,0.0
2026-05-26,8609.611993813809,0.0,8208.797450744569,0.0,7047.399132965475,0.0,13126.92057166621,0.0,12315.324589093927,0.0,10648.821392523241,0.0,19154.15811124951,0.0,19290.936949372754,0.0,16613.230437062484,0.0
2026-05-27,8695.00892039961,0.0,8207.979002986776,0.0,7046.5059324390195,0.0,13251.186603883665,0.0,12314.096705246518,0.0,10647.4717410143,0.0,19281.152634751947,0.0,19289.01357092583,0.0,16611.124845213275,0.0
2026-05-28,8473.979341147788,0.0,8247.798606791419,0.0,7096.922128030127,0.0,12922.680375498057,0.0,12373.83643555486,0.0,10723.652052645708,0.0,18859.51054979696,0.0,19382.590915348508,0.0,16729.97377931113,0.0
2026-05-29,8494.883310774612,0.0,8221.878003342492,0.0,7093.278057321625,0.0,12972.876424931052,0.0,12334.948809573812,0.0,10718.145757715565,0.0,18956.619417773643,0.0,19321.676666967633,0.0,16721.38340642788,0.0
2026-06-01,8723.651899512048,200.0,8602.098309037812,200.0,7314.99728120211,200.0,13181.979389604001,200.0,12805.32599642745,200.0,10950.964125389053,200.0,19324.1002022564,300.0,20045.200158078966,300.0,17072.583354725513,300.0
2026-06-02,8660.195048584068,0.0,8700.49813872981,0.0,7333.377816604824,0.0,13028.068049224006,0.0,12951.806756345653,0.0,10978.480825131079,0.0,19176.30151018551,0.0,20274.498198026336,0.0,17115.481965716626,0.0
2026-06-03,8817.226368057449,0.0,8602.252676237975,0.0,7290.306027581871,0.0,13278.850148874571,0.0,12805.55579179251,0.0,10913.99992400774,0.0,19504.47585305516,0.0,20045.559875128678,0.0,17014.95606255311,0.0
2026-06-04,8801.2331526867,0.0,8510.656565856463,0.0,7325.848927403463,0.0,13262.788549612102,0.0,12669.203240205454,0.0,10967.209652719297,0.0,19436.78492036605,0.0,19832.11632910807,0.0,17097.910176757927,0.0
2026-06-05,8721.209791383653,0.0,7952.968201026208,0.0,7134.784300549854,0.0,13107.522602467132,0.0,11839.012621648717,0.0,10681.175113830053,0.0,19200.328716600416,0.0,18532.5526067185,0.0,16651.981539644104,0.0
2026-06-08,8591.507608878388,0.0,8159.070200397536,0.0,7206.825748656925,0.0,12892.715886804073,0.0,12145.821866980457,0.0,10789.02523098443,0.0,18999.651426306402,100.0,19112.825638013423,100.0,16920.120170531056,100.0
2026-06-09,8866.260766056648,0.0,8163.61605647203,0.0,7182.027387951086,0.0,13270.483562838413,0.0,12152.58895645973,0.0,10751.900684245918,0.0,19546.822168886316,0.0,19123.47441935656,0.0,16861.8988040365,0.0
2026-06-10,8554.345070181631,0.0,8014.934485201232,0.0,7064.561011928903,0.0,12816.269679348683,0.0,11931.257378816252,0.0,10576.046884127074,0.0,18901.970168047465,0.0,18775.18412677565,0.0,16586.112311118653,0.0
2026-06-11,8554.101659312597,0.0,8366.773425158635,0.0,7184.470711945134,0.0,12815.339577180153,0.0,12455.014741558593,0.0,10755.558478278772,0.0,18857.505864843974,0.0,19599.375627388265,0.0,16867.63521796361,0.0
2026-06-12,8773.04459055563,0.0,8384.563895218284,0.0,7198.162099376373,0.0,13079.73294611606,0.0,12481.498136720924,0.0,10776.055258635968,0.0,19156.798020594455,0.0,19641.050247647294,0.0,16899.77973327689,0.0
2026-06-15,8927.34416791805,0.0,8640.077853976654,0.0,7307.965658304477,0.0,13290.779496380934,0.0,12861.863417492126,0.0,10940.437388722574,0.0,19641.41097305584,200.0,20439.598075019752,200.0,17357.5755336765,200.0
2026-06-16,8876.024958723843,0.0,8509.090943697936,0.0,7269.961755383135,0.0,13268.394452532055,0.0,12666.872610932583,0.0,10883.5433993583,0.0,19675.02913975835,0.0,20129.725890482274,0.0,17267.310246950346,0.0
2026-06-17,8880.862382542791,0.0,8487.64347790878,0.0,7169.436222764189,0.0,13279.496977653902,0.0,12634.945308853414,0.0,10733.050998735725,0.0,19746.48585364466,0.0,20078.98820178699,0.0,17028.546190428868,0.0
2026-06-18,9067.186724621695,0.0,8841.856333473559,0.0,7308.567313683895,0.0,13641.75391973111,0.0,13162.236549278658,0.0,10941.338100810704,0.0,20274.50235809785,0.0,20916.939956749105,0.0,17359.004560464768,0.0
2026-06-19,9129.441607698256,0.0,8879.502677080993,0.0,7339.6853081402605,0.0,13721.784990325556,0.0,13218.277957449993,0.0,10987.923496245017,0.0,20380.375894665438,0.0,21005.998891788204,0.0,17432.914724317154,0.0
2026-06-22,9300.336124549967,0.0,8928.909530524046,0.0,7313.904523301379,0.0,13965.197753123866,0.0,13291.826392037317,0.0,10949.328205086062,0.0,20707.520184794364,0.0,21122.879346292746,0.0,17371.68127836495,0.0
2026-06-23,9169.487417318021,0.0,8448.59976740252,0.0,7230.164832934842,0.0,13739.451628005581,0.0,12576.82374093114,0.0,10823.965158481562,0.0,20376.0677797162,0.0,19986.62355373719,0.0,17172.786254952774,0.0
2026-06-24,9140.161454171295,0.0,8494.039350044975,0.0,7257.038520472446,0.0,13728.219227234373,0.0,12644.466384385574,0.0,10864.19658671428,0.0,20412.758461152625,0.0,20094.11874320252,0.0,17236.61551785747,0.0
2026-06-25,9185.019297815503,0.0,8602.861484692667,0.0,7283.739288732728,0.0,13742.877690640407,0.0,12806.462081217678,0.0,10904.16914502132,0.0,20479.53566958813,0.0,20351.55631858742,0.0,17300.03407009962,0.0
2026-06-26,8909.594586028155,0.0,8499.789095298924,0.0,7226.3062565229875,0.0,13307.012447122423,0.0,12653.025617229483,0.0,10818.188651637207,0.0,19893.660411379053,0.0,20107.720759759628,0.0,17163.621525033017,0.0
2026-06-29,9164.942579367056,200.0,8712.219462153684,200.0,7529.918804406536,200.0,13550.454024813776,200.0,12871.529811684357,200.0,11173.302488484245,200.0,19928.592616902337,0.0,20137.12694182538,0.0,17409.717731585613,0.0
2026-06-30,9272.088021495298,0.0,8810.662276310348,0.0,7564.361140958017,0.0,13697.364513515213,0.0,13016.97031885569,0.0,11224.409898098633,0.0,20164.931448898573,0.0,20364.664305156813,0.0,17489.3509086428,0.0
2026-07-01,9404.328069521549,0.0,8568.64521579365,0.0,7559.910601817295,0.0,13900.227199631834,0.0,12659.411625240456,0.0,11217.805946403028,0.0,20398.706648640407,0.0,19805.274325269023,0.0,17479.060939759205,0.0
2026-07-02,9571.421665724412,0.0,8494.398951822088,0.0,7573.415216639137,0.0,14136.744299920454,0.0,12549.719370096107,0.0,11237.844827341105,0.0,20705.63737585903,0.0,19633.664042832224,0.0,17510.28458748094,0.0
2026-07-03,9623.136195572495,0.0,8461.152008652803,0.0,7543.772989245168,0.0,14279.298921426931,0.0,12500.599966939448,0.0,11193.860080399156,0.0,20881.56388773297,0.0,19556.818192250073,0.0,17441.74961050848,0.0
2026-07-06,9487.05060214233,0.0,8690.548345788253,0.0,7599.614233032699,0.0,13990.383446957821,0.0,12839.512663635935,0.0,11276.720350792266,0.0,20458.348263777778,0.0,20087.03706253372,0.0,17570.85861119952,0.0
2026-07-07,9236.80159728867,0.0,8449.613013006187,0.0,7560.819982707565,0.0,13605.177140818785,0.0,12483.552126592045,0.0,11219.155335158492,0.0,19901.13828619799,0.0,19530.14735124033,0.0,17481.16349425167,0.0
2026-07-08,9169.192231061688,0.0,8543.535510364467,0.0,7562.557583021658,0.0,13581.055709083257,0.0,12622.31426751223,0.0,11221.73368087745,0.0,19890.63900872892,0.0,19747.236608485626,0.0,17485.18095204696,0.0
2026-07-09,9236.53343076671,0.0,8600.730661598971,0.0,7614.40059289995,0.0,13652.865594688996,0.0,12706.815019289288,0.0,11298.661154643127,0.0,20015.177960937075,0.0,19879.43553045601,0.0,17605.045746313892,0.0
2026-07-10,9266.705168001352,0.0,8607.623805016476,0.0,7639.620524012975,0.0,13701.076887272055,0.0,12716.999025945694,0.0,11336.08385817874,0.0,20096.305633556607,0.0,19895.368107066308,0.0,17663.356053940428,0.0
2026-07-13,9183.049029914813,0.0,8319.893736171844,0.0,7600.372412827328,0.0,13584.504519045131,0.0,12291.903426031115,0.0,11277.845379149954,0.0,20034.435334528716,100.0,19330.318638733446,100.0,17672.611577806085,100.0
2026-07-14,9060.091855438814,0.0,8485.786971058145,0.0,7640.842045954669,0.0,13365.682617977396,0.0,12536.995934050645,0.0,11337.896418779377,0.0,19742.250037073907,0.0,19715.752538738758,0.0,17766.71277023565,0.0
2026-07-15,9248.239817519896,0.0,8442.96267164725,0.0,7644.054439647017,0.0,13613.059472159472,0.0,12473.726838394095,0.0,11342.663143012272,0.0,20047.353262729393,0.0,19616.25519185629,0.0,17774.18232342018,0.0
2026-07-16,9169.038915200255,0.0,8232.409550687991,0.0,7572.407636908842,0.0,13450.567164347676,0.0,12162.653318593171,0.0,11236.349725813416,0.0,19766.582417109592,0.0,19127.05916993751,0.0,17607.587050608745,0.0
2026-07-17,8748.181915145391,0.0,8135.139547641748,0.0,7514.2323916455125,0.0,12860.582406526508,0.0,12018.945535584357,0.0,11150.02613726575,0.0,19004.674215854488,0.0,18901.06347666324,0.0,17472.316243187885,0.0
2026-07-20,8781.131714418942,100.0,8281.99951633904,100.0,7613.262916131623,100.0,12881.433501780286,100.0,12188.176973874211,100.0,11248.587576843885,100.0,19090.21737122481,200.0,19209.937238161117,200.0,17670.061989940732,200.0
2026-07-21,9047.36382873408,0.0,8521.039616512988,0.0,7683.1721346850545,0.0,13308.25311953435,0.0,12539.959540273176,0.0,11351.878370290773,0.0,19696.310820916424,0.0,19764.386114025714,0.0,17832.318336413413,0.0
2026-07-22,9168.768272151181,0.0,8486.041002070084,0.0,7683.8773100544295,0.0,13517.246865388073,0.0,12488.453946022782,0.0,11352.920266122668,0.0,19976.135452836726,0.0,19683.207506668346,0.0,17833.955018691155,0.0
2026-07-23,9178.622910529826,0.0,8429.249432021707,0.0,7583.707912347903,0.0,13531.523193420406,0.0,12404.876821318992,0.0,11204.920091291708,0.0,19966.12324956176,0.0,19551.48056148637,0.0,17601.466073219573,0.0
2026-07-24,8954.835526222616,0.0,8288.902181373749,0.0,7614.716493633069,0.0,13180.535298909703,0.0,12198.33525785726,0.0,11250.735236001974,0.0,19508.671459644454,0.0,19225.947835823103,0.0,17673.435681988503,0.0
2026-07-27,9020.933885121176,0.0,8313.595443559583,0.0,7604.234507346463,0.0,13366.728235253117,100.0,12334.675014819264,100.0,11335.248112803543,100.0,19635.92793138787,0.0,19283.223378505696,0.0,17649.107434100257,0.0
2026-07-28,8659.070313541595,0.0,8167.237287794555,0.0,7639.556225861484,0.0,12837.785636637062,0.0,12117.527055264842,0.0,11387.900413669799,0.0,18909.331161204187,0.0,18943.748475012588,0.0,17731.087652388684,0.0
2026-07-29,8439.538967267643,0.0,7986.283301000497,0.0,7510.713910795589,0.0,12500.207730583119,0.0,11849.050120719066,0.0,11195.841685432397,0.0,18405.757646172828,0.0,18524.02921247809,0.0,17432.050075567597,0.0
2026-07-30,8339.838080116508,0.0,8257.312535477122,0.0,7582.898656369206,0.0,12382.20024278399,0.0,12251.169462402238,0.0,11303.443837923362,0.0,18230.449673417224,0.0,19152.676264887512,0.0,17599.587824239232,0.0
2026-07-31,8698.036930310725,0.0,8281.583669446714,0.0,7600.184535440083,0.0,12881.479437546808,0.0,12287.179940875545,0.0,11329.211024341272,0.0,18910.800953597027,0.0,19208.972689360256,0.0,17639.707620192396,0.0
2026-08-03,9141.658135132875,100.0,8396.55493038411,100.0,7794.754551226726,100.0,13341.04708947938,0.0,12309.392428779063,0.0,11470.181767936529,0.0,19757.38039763763,200.0,19443.698238717763,200.0,18059.200636491474,200.0
2026-08-04,9350.638922800712,0.0,8643.319325703875,0.0,7960.569126640126,0.0,13644.586062796603,0.0,12671.150293120507,0.0,11714.182179657715,0.0,20208.185220575884,0.0,20015.12455325242,0.0,18443.366509344258,0.0
2026-08-05,9541.922244043237,0.0,8587.933324713267,0.0,7927.397153703858,0.0,13914.791687704987,0.0,12589.954132682484,0.0,11665.368768448996,0.0,20581.265187142042,0.0,19886.868536488477,0.0,18366.51234917445,0.0
2026-08-06,9686.52048214392,0.0,8478.136408360106,0.0,7897.661143463484,0.0,14071.770103398541,0.0,12428.991292319208,0.0,11621.611464704694,0.0,20795.68956897492,0.0,19632.614485057537,0.0,18297.618765479096,0.0
2026-08-07,9673.183842162092,0.0,8583.215990259592,0.0,7968.45796860351,0.0,14014.67520583861,0.0,12583.038496270943,0.0,11725.790813472144,0.0,20688.218135806186,0.0,19875.94471971257,0.0,18461.643695478862,0.0
2026-08-10,9759.762188558707,0.0,8498.383630083837,0.0,7944.238073372864,0.0,14225.365076910033,100.0,12558.673822816096,100.0,11790.150614814167,100.0,20920.335161613813,100.0,19779.500484450466,100.0,18505.53006874559,100.0
2026-08-11,9804.562022942679,0.0,8539.683078589735,0.0,7925.716859158454,0.0,14335.485059347091,0.0,12619.704993615647,0.0,11762.663031594697,0.0,21065.711141625863,0.0,19875.62258216775,0.0,18462.386235014925,0.0
2026-08-12,9886.777483296275,0.0,8676.118533071927,0.0,7947.403604118358,0.0,14459.645695643145,0.0,12821.325495265397,0.0,11794.84862158593,0.0,21283.991152155202,0.0,20193.16827738369,0.0,18512.903944484613,0.0
2026-08-13,9914.065045681838,0.0,8715.188861292152,0.0,8012.3715563275455,0.0,14468.91024403356,0.0,12879.06253440437,0.0,11891.26843360664,0.0,21362.60230976857,0.0,20284.10222548459,0.0,18664.242107063306,0.0
2026-08-14,9904.954813559878,0.0,8704.135114238572,0.0,8002.209214479017,0.0,14505.8525397327,0.0,12862.727615929472,0.0,11876.186365334419,0.0,21407.967929019866,0.0,20258.375263191745,0.0,18640.569664104034,0.0
